RuleId,Token,RecordId
T1,BZ3CUCWr20aMLqyzTkvknnDRVH3GJbaeA5TZ7Jm9qj5DdV4Mj3cWU6NQ//mBGXdTigbgsW7QA3mopL/PIapkvdwWkZWdc9Yn,891dda6c-961f-4154-8541-b48fe18ee620
T2,42TOpv+EQxTZf8SwLc/Q9UXp2BL49fNeWG2Q0mMsS3STRsR0+sGxgldNfWYgl3gO+CtEB4YzV9pPpcKZNFkG2i2CZPon61TZ,891dda6c-961f-4154-8541-b48fe18ee620
T3,8CLS79PDp3VWqiOe9ZiWtFrR60ZtAQQ0E+wMLV4hi4f7UjRCqoxdUAqweQC6yrvu0AzeKxsNTra0ohAwus97jNm6kOaP2hLv,891dda6c-961f-4154-8541-b48fe18ee620
T4,0000000000000000000000000000000000000000000000000000000000000000,891dda6c-961f-4154-8541-b48fe18ee620
T5,p5UzdHzyHaBgEtR3fCG3LoK2yM9fvMaJ4/Z8nFXey6XjUf0Pwj7EwSIPaJ5ubTl3kEVFsbYa2PwXJmnohrrkNHgJS0UMcZLf,891dda6c-961f-4154-8541-b48fe18ee620
T1,IJtysYpQmsktjclYsvaRz9x6iPCPKTScXK5xhvVDla8OS2nWa50YosU+yKdM1VN1SdXp41Foo4ehVfq7Ta03Zrgs3RpAntVC,2f97f0f1-4617-40bd-8264-4d24a9adf20a
T2,kjupFlz+YA5NPokAuodtNDY5eeCYJvUE15FKX+mrSUb1ssDgkpRuWnZIET5js/Kn945aCsI6gbp4ezM3zMwCJzHnOK7RgG/B,2f97f0f1-4617-40bd-8264-4d24a9adf20a
T3,7wWUpv3hfkiIVDvga03ocIiYCA+N5tQjY8ipbJVywP5ECUS2qRrCaVjQoUwx7pfz61hQIzYkCPe0vQcbqfX0xybiLMH/Fv70,2f97f0f1-4617-40bd-8264-4d24a9adf20a
T4,fwM5ss7YjlpIQwmQ+uxcKCH0AU2OHrj+M1qXha47FGdr3p84dyJs0+paMc3SYImDZA2MUlec0Zfy7+mJn7bzCNan+TYlf+IA,2f97f0f1-4617-40bd-8264-4d24a9adf20a
T5,lR/fbc2M27E/+WuwJm4V3/ZC0WOzRNZQpxMnQIJM8yNl7LFfcYtV+IO9nkWbwHoaIAGlWy/jks48ytEWVxD4pZvKVJ44Xxp+,2f97f0f1-4617-40bd-8264-4d24a9adf20a
T1,ujAp7sYPr/UggAgB7+/ZP27gBqW7KNNfG0XBDhOYLPUYJgs3dOh9QInJXbyUcmsBsC65HGdjpyecfLsAEYJ6fb0K7ibYly4r,794609a2-4f6a-4d04-bb6e-922ea1b25f8d
T2,4rqkY+6hO471cuG74JuQBpNhF2GAQilnVr/dJYC77sVzq10Mv7FyiTwr2F6VcqJCDyqADEjMWpTt1NE99QPTTHGipP9KLPhx,794609a2-4f6a-4d04-bb6e-922ea1b25f8d
T3,PJy/5uOJlR7IQby8PlmEzaOGgwyFX9jjSWOI7Nz32OeWsXrNCMH/zTCNqqjd5ymfqQ/DI2MZkEZ4kS5FO9CtqCq+tyHBsPjH,794609a2-4f6a-4d04-bb6e-922ea1b25f8d
T4,AoKHB5fxLGYU1M8F5Nq2xq5osnO9kClEVCekpZX636WRFh9ichX4/PI3HYqoNIn6gmbl0AXibke2gjsNkSdxxH3FhCi54yym,794609a2-4f6a-4d04-bb6e-922ea1b25f8d
T5,oVDwejkRs998C3+FRPdAaW1PM9QhcZdMhDjndPK69WTpG9X+F4E72Mu24Ne+vTPPcELYtJWyq2fLS5BbwCfk+OjZyFubsz1I,794609a2-4f6a-4d04-bb6e-922ea1b25f8d
T1,d3l6VrXoA9PAMnDMiz4s7UXbzOu5zhvoKtgtsf3g5T+Wf7wbjQNJBTCm1htZUyVjVg47zYaKp8CHyVYvV23d6TKxDqcJKM1J,423a8d73-9923-4eff-8861-bbac5c8a03a5
T2,6mip0A5X4Z14P0vRwe+evUpVwLWu1UhCfhwCsgj1Lj1qtWVG38+ltYRmO3G0gE5LPf9MOHfRYgvJab+1m6Q1unxChs2pNEeP,423a8d73-9923-4eff-8861-bbac5c8a03a5
T3,LrjuJdOfGG5vQnd63jqnnHflu5oc13T6k6kNAMKFPJBxZHELJe1qP7BN6IqPh7cDccjBt8fWnWvZTsOEMeunRUshi3oonLI7,423a8d73-9923-4eff-8861-bbac5c8a03a5
T4,4OQJLa6x8sRMTvELXqpOpUJ3pYKajewEdx2eP0/rzyDiDOMhUEyEQYoh/r1lMKjUDTzdx8dROlXSEkzjr4HokIwbkqLWxbda,423a8d73-9923-4eff-8861-bbac5c8a03a5
T5,e8cwxfa2BUdegPx4Cn8GSRUx1e+4D7ZP6z8d2z2eHlV8LduGvcCJgtK3RJxu7nmWOTCFQTI+p37x2n3rflkJntXRzLhg1UNT,423a8d73-9923-4eff-8861-bbac5c8a03a5
T1,/7kVnD0d36Vu254F9JkHCa+MrT17bYc6xzfv7HGh5BRgZ+PP41VHErrvyGZ3vdkL4x3z48cgw5T7NFdFdMwdBTo/G1Y9XRCt,9c536b13-9a26-4ad6-930b-a3d2f5db9ebe
T2,CS441kP5wkf1kw9oxcA/VMqXOVKKlNl/aIefAxpXE5az5proUsOr6AKbB64sCsdUFWyw6hsn14iWC/IyNEcV5+Yv6vHs7bpV,9c536b13-9a26-4ad6-930b-a3d2f5db9ebe
T3,Jy1KfamHfffT5B/0avHgcszjY6qgexW/iiiZAMWc6uIgIrj/f209WxglAVtJUQUecNBoo2gk6HOON2f6i8TyWRuqQhGpQPBt,9c536b13-9a26-4ad6-930b-a3d2f5db9ebe
T4,HHJKwBjv0OmlxUMNFfu2rZaBy8hgSirkwt4ncebZbSv9vuNE8pTwwBFz4XUcbRbD2ky5OhBRDNK9A+XbMjmartffF4pHWM19,9c536b13-9a26-4ad6-930b-a3d2f5db9ebe
T5,nArp315gjidSo7+aT77EF1qbpChdY8+sExAEUN/ByqxbRk2A2HydBGVYEtWcH21qfa5lWQ4LgkPoJ19kbTbJtChXI2kTWXqO,9c536b13-9a26-4ad6-930b-a3d2f5db9ebe
T1,ttgA/XRS8au5PWq3AYVg+e86l74KvFttxCTBt9r0yYfNAy1Z6E+A6Zs1Jn45JbEcyCGLi3lL4PNdCRNTWK5G5DyzqTidOENM,48596752-15e5-46e4-9dd2-756ed8ab2c53
T2,GwXuuM3yrJ0PodkzauNIGWRZInGl8c711L6GPq12WNsYuNI+H10ekDHqyb3xmQMS1FTeDotopyxX/yj9WckhwClPEkOk8kqr,48596752-15e5-46e4-9dd2-756ed8ab2c53
T3,dli3k3Ef1AUp2pv+xaAYCciChcarVOhkjXdUyk6nRBAZ7DqgiWOWueGK4EDRjMkVKFU8DEvXrBvzxHwgxv5Rp8N9rq8HziVD,48596752-15e5-46e4-9dd2-756ed8ab2c53
T4,GCMo0hh0eTVwoBYNB82CCbTXjFNHFQABQapKnLwMWrGMVUOM0577p6TiHijnlfa76HU7Ki3ieGbQQCQ7FohsdXV3QlaQ4HgR,48596752-15e5-46e4-9dd2-756ed8ab2c53
T5,h5j3rpxifHvSrlMgVvhYr92V5SdfSa13LdgNpINHAYVEFDXLgvPflBTeUPWF8V3xKAMJx5vBUTXO5xJxQkmsksHVcRhdJizf,48596752-15e5-46e4-9dd2-756ed8ab2c53
T1,Y9NbNE5Xp8likXssaRqZH6BiGahiWUClRHtyfvdAw+POgqSoTDbGZ1okyaQMMNBjxD1YrK3aFM2fFy1JN838SU0M7ExzgCsZ,310bca23-b6f2-4c1b-a851-859055ceac7c
T2,rpd9T3d3QJsIiHUgw3F5frnTfez5K+jRCzjqoXNQxdD+E4THpt6QD8cZq4wY/A/aHeAg15TeZE7AaAkT3SVWkaWVIwKRkyKc,310bca23-b6f2-4c1b-a851-859055ceac7c
T3,Vr33Ji+o/S9tKEEasFdWDt5F5xIAEjGWuXn1kO3qd7I5BGNyOOOt3l9WdzaHBEe1tDsWsYgyoIvuq3gARzmQG28ZhMmUFzcQ,310bca23-b6f2-4c1b-a851-859055ceac7c
T4,hFdiSCPwctX6TttgaUoNvSSjeiwuMhBjxXRXtYCNiAeUqHqUU/uP9jONFtoENKc1lm2g0CN8Wc0cB+jowDDMwhtt1XQ8GGGm,310bca23-b6f2-4c1b-a851-859055ceac7c
T5,YUqW4kkXjUHMqyiBl+XpmyrnaF6EY9QJzwUcJHnz326zmpxR9Xp0Y5malz4x33xDCvOGQ5Gy+JpUd9tZd+n5V/K6wBkSyUO+,310bca23-b6f2-4c1b-a851-859055ceac7c
T1,0000000000000000000000000000000000000000000000000000000000000000,e21240f0-274b-46c1-898f-fb2c4f48023c
T2,0000000000000000000000000000000000000000000000000000000000000000,e21240f0-274b-46c1-898f-fb2c4f48023c
T3,0000000000000000000000000000000000000000000000000000000000000000,e21240f0-274b-46c1-898f-fb2c4f48023c
T4,0000000000000000000000000000000000000000000000000000000000000000,e21240f0-274b-46c1-898f-fb2c4f48023c
T5,zpRlTHGjNIsRuYjiVcMzOybOOt7isbvlNAXUqIZvC5T5LT0WjHyjTy9mTvaHoZZzQLqG0Ocv7FaH3zRmwPPJTjvoJtieFeb9,e21240f0-274b-46c1-898f-fb2c4f48023c
T1,YZQNjKkIIlxP96DCStEGwhiYxMBdbeONiFyJpfyPRV33uCoBfjz//kUmlV69a/ctgRfhTbVwZYk8VD47b+QFSeL8aZnOShoZ,b501dbe3-7c06-4815-bb84-1d136c770bcc
T2,LGCM3iJJhzXPCPNl0S08h+Jc2qIabXu1MwVgGhoVRWNBzXm8BUsl3+0KZPTfqw1SbJgc7VoQxNCsR+w9kviN9DwmuKNH++Su,b501dbe3-7c06-4815-bb84-1d136c770bcc
T3,IJwiSny4NWjcYiG0Y+JQjROpEpffm62Jqb5qQE7xC7ufSm9wPTzRtMO9blw6X7Vx9VaydavBlgDER4r7YkVPvZYjSVom4KGj,b501dbe3-7c06-4815-bb84-1d136c770bcc
T4,ERAqjDcSBrScOXBL1mpC9O1gY43mJFMMbWMf/rj1MExc15ALhlWDbrY7TGSFcvri1ICCp3rVcpoGirrgwiw8cbFJUSRwake0,b501dbe3-7c06-4815-bb84-1d136c770bcc
T5,YRSLxzJVfzBlwt16Sel5qRIPCSDMiBGJ0FeLHitG25sDRng+Zmtj3BqK2kMdRYe0lZ99zBS347oESFq8NhDysHJQjANCnOXy,b501dbe3-7c06-4815-bb84-1d136c770bcc
T1,ritFzrI93KstsdRHfqdZXMEtuCka161PVe4rmThrarYOCW8cFJN/TARN1GMhH6nkT7i673IesVL9kXH6RE4AI57nwS9Gbo7m,6978d380-1a60-401f-b7a5-719d666e6b47
T2,N3Yn62ikt6lgb3/5BE9v502pksdkJczfUXCviEem3jFeV8inVUbh9cRpa1oY5/LNjlFnzCU23fgoJbNFx2lL6/jFyeCJCVjb,6978d380-1a60-401f-b7a5-719d666e6b47
T3,W+W9NpFENewqd9FbKeILmkVTabIoM7b8vnha22HNyBzygwMYTOaRFHlmMiMLeV8bAeBH8u0ShYWoko5AgSAU0bFF5y5k5iCv,6978d380-1a60-401f-b7a5-719d666e6b47
T4,gMATzwZGwSoW2P2DP2oVSmLaOmZ1hVKy7CE7AZd543nany/Rq/RX9pkJZt4TRbB9AW1kqtTf2hjAgWUs7FoJi+uSIDcEtM96,6978d380-1a60-401f-b7a5-719d666e6b47
T5,1fPd2ow/dwPWWxnDI3JcbLxAqngvx1g4ARIsOTug6dSWPRHMhSmw5R8h3b7vsX/GuF5DPddBOxBffEkdDlV9HkjuJrisMHVX,6978d380-1a60-401f-b7a5-719d666e6b47
T1,P8p5OX8bBx/LBx7SdIyjzbJyMPaaExiGW8HFrOFYx7jhFalOE0J3Z9MbQDaOmzXvgMB8SPTStNarAHon+fTObSMTiplPlaIE,c5b2e649-741b-43fa-bf60-5a8dfa23cedf
T2,Nd4Ol3khhRJDOkd41aKVStAYgo+B8Hn3A52l2R3FMRhqkrGcwpH/z+c+5DCegKUVuR56i9npG6NufWPDoOsYO5ZWPrPvtDSu,c5b2e649-741b-43fa-bf60-5a8dfa23cedf
T3,a3Zn1TrPos/iT+N5RPYFWA19A6TiFMlk2nkL/La9hGwzu4Nq/EMVMFGnJjnXUxNL09ZAMiV19eVQ3BvJWudNE5qRAJYSK9Y+,c5b2e649-741b-43fa-bf60-5a8dfa23cedf
T4,yUsIL/pNHLUhlQfJVcDNeyWxcBvGVU10olUL+N4NOOxsi+PQb378NwInAwr5+D2A4vQf1R4jqzdmy1UHQbGjTwNSQQtgmC44,c5b2e649-741b-43fa-bf60-5a8dfa23cedf
T5,PwwVoEgSpQIR+KjWskGviJCpkQTb3ttqSLUvrlunFX77Nn/tU2xpe4zK61FOGcjSAqebUPvt1Fqd0cz93OS7nZ2x9n1Qbuuu,c5b2e649-741b-43fa-bf60-5a8dfa23cedf
T1,jGxXF5jMrWY5wpO9MeJXM5UF3xSrHbrmlEb9qtwRWTeEztHNavcZinFGGw9Oz18Wnkk0L3DHrwievJ0AmUdy8TCDzqzyScCU,ed750dc6-d496-4b3d-b8af-2c8d1d6e06aa
T2,bmmehqC9nmlz/E2qpedyYYyXenI5QxeFwhHBhy+V0OQp2LjpKGiJ8KAXgJL5zBNMKbgvzM4Z7xeMkwjyomqDleWn82dC85Ih,ed750dc6-d496-4b3d-b8af-2c8d1d6e06aa
T3,VETRiULeLr7S+fM4BzrapNUFB41VYbDMSrX6SEaHZuFXVc6l4oOHmEdrOeuYm6KaVXgU+zCO9Kt6szh03MGB4AqLENx+iapf,ed750dc6-d496-4b3d-b8af-2c8d1d6e06aa
T4,3piTyHOWCEOrque/SHmN+swJd2JsRdA8dUq7k/R9xLsZa6Ixkyijs34Mn3JSML7dxerZNJdN/sgI4yab90dQTHYRfvp0wp9n,ed750dc6-d496-4b3d-b8af-2c8d1d6e06aa
T5,WPfyy35EEB/3LJGE9+S9b2TURUtU3uRCjMqpYiMviQhk6DgZFBDv2E5qKcoKqJwlcpKvoefQk9zjM3oKxbzYHlQV5YL0bhRX,ed750dc6-d496-4b3d-b8af-2c8d1d6e06aa
T1,wa5K2aCpp+4e4X0Ccuymw7xb+Ps73+VaioOMQl0uJ3gQjfD4qBhxw7506EIb5IZvVXTssOegcPu2/MC6NJmK/PkPkbAQw+Nv,ce817f76-e9c7-40b0-bd6f-9e5c7c8b3db5
T2,Bo/pEjtB8nljJXJ9DflfVHlKeAT47ruo/OhZs9nWGSZDzTBv98TZNBwGwj8fwX8IlggjeW0SwFTMJw9SSdj3+x8m+s/1Wueu,ce817f76-e9c7-40b0-bd6f-9e5c7c8b3db5
T3,nrmGqHw9FHmRVnuZZAow82v3nGL1cb3Q0xN+ToeFR5JkOvHpf3XfP+jkOGkEup1bf8LYweHnDmX4QhC6hS7eZ/U1vjQdr/mX,ce817f76-e9c7-40b0-bd6f-9e5c7c8b3db5
T4,ZugkoaAqrXkSUzmsxE6f1OiO54pcvKHjs4cjww/FCUTbH9zbtP2n4n5053MpCXDgkhNGtKiUf/3EW2EDUHazAU2+C4y4rhPn,ce817f76-e9c7-40b0-bd6f-9e5c7c8b3db5
T5,BpekKnJeI1ZZHI5O3VqE0y5/5B7JU6HLnFw/KmT1aNUU1b2ijNuNh9+ASpi9JtE/sqhA8E9ykzxSAB3ichEp29U8xux7c8+J,ce817f76-e9c7-40b0-bd6f-9e5c7c8b3db5
T1,0000000000000000000000000000000000000000000000000000000000000000,7bb2f0cf-516d-43e7-bd3a-3f98e321ced1
T2,0000000000000000000000000000000000000000000000000000000000000000,7bb2f0cf-516d-43e7-bd3a-3f98e321ced1
T3,0000000000000000000000000000000000000000000000000000000000000000,7bb2f0cf-516d-43e7-bd3a-3f98e321ced1
T4,9RTKmmcqm61qupgl3+oIvNLzB4zkDupRfO3Nei+SgdxCFTGIp9TSsoeGvw9vu4qxf+Mr2E3TxWcALc814t2vPZzKGWOXT2ax,7bb2f0cf-516d-43e7-bd3a-3f98e321ced1
T5,0000000000000000000000000000000000000000000000000000000000000000,7bb2f0cf-516d-43e7-bd3a-3f98e321ced1
T1,gLlUwjQCIugoVQHZWoXfuuRs8bv4Ip6Wf6bP+NJSq02UHVXQeuDQBuhkxOq8qlBaJE86AZe+itGZexMQl9Xs4VMoKfJcrCxI,1fb5fa93-e3a9-4b8c-b939-f83893381f01
T2,m4RO3KhTDGJm1+8DcM8DFaOoajjLbfNe7gfaf/CPbwFRUoYJwKqSUrCA23+2xBo0kol167kDg899a05vt3OgGRECo7pZ1bQo,1fb5fa93-e3a9-4b8c-b939-f83893381f01
T3,9xtyg3kZt1WtHWhqv1Cu2iE/WgiX3YmfMWT46KVyBhQ/T1iuLKJgt1aZfX+rBtBtn+DrMdOpmBu021rCZbLhNBssulUIhUq4,1fb5fa93-e3a9-4b8c-b939-f83893381f01
T4,7UpsyZeJqKIMZ28isfy37j0VFD54fJfy8nGF7H4O+8Q2azjfvGhzrewJBijLKohEYxhTUGmgGIvf2QZGeoPbS20NqrrthUFD,1fb5fa93-e3a9-4b8c-b939-f83893381f01
T5,r6nWsHGJLRd8of3+SRZ2OwPa3TQ4DOcbGKiA5pJJXjftZrDZeVIDZdm5cnMaMPb7h1X4dtsJs/plHleQpJBfmrGO/9SO8N2a,1fb5fa93-e3a9-4b8c-b939-f83893381f01
T1,JaFtz07774gDx0eLsWpfaJRBmrDwPwa8H8fyjBKr0fwVa+1WU6Ws8uycsWbtTNd5tLewGtADFiMiOkbS01Q/e+Zy9BANHmsB,8fc6e5d4-0d6f-4fd6-a3aa-5c8e404ce495
T2,51ydkCn7FBmVyKJ32O7le4J2Fqr6pxYZLaIKe+K8KhCJq954X2e9mi4RnY+nJQKhHAnGGzDuwmEFKIc1W62IpRcX9d5V71Yk,8fc6e5d4-0d6f-4fd6-a3aa-5c8e404ce495
T3,BU4R6+s+OdVy1mvlZlM7tJX+txUixd3sArq29oTrub9TUYMURQTsEE6uw2Vd8S8dGUgg05z92xXLQpb4Gkt/pEuDsnhwXDAy,8fc6e5d4-0d6f-4fd6-a3aa-5c8e404ce495
T4,3SVfKX0R8Kvqr/DMLKk5IjWJ0XCS7oeTc5aBRb2bURrgObUBBYekeM4T4VP/Ly39MAUZKdLcYFimMmTq4nqBygvX39D8NYM2,8fc6e5d4-0d6f-4fd6-a3aa-5c8e404ce495
T5,P9+2NOgd9GGxEXboUDfJs3anKhZYX/tykd0VB3/Ar/h4LZdnSWWenidADYLlYWV4SLTSifRSL3qaiMq7F9Zr3dH7arA96u3n,8fc6e5d4-0d6f-4fd6-a3aa-5c8e404ce495
T1,J6MUG371QBLmG3aK8/ZzHvTEkKXOG1H/LpEDHsqd1CzGk10dtkz6+4jyde4phggQUnkYPZBJ+OUrViMt/j2sO7lK8DF/HHaQ,99430dca-4b68-4fad-bd30-b45cc2966922
T2,I9zxSR2XkRsooeWYdVrKdhvNnjXhBWNq567pk08Q5POFVCaDB8rHINMtQS5wcL3z9+JKuvRcSnfL0NS1DvMVUttrImH/K+kG,99430dca-4b68-4fad-bd30-b45cc2966922
T3,KY71ThqKjVZZ4/f9pL7WrB+R0EsTWh0fuwyyhV1M5EZ8rDF45t5ONX00qrUofGjlqQ8CVKBy3egtYuue2D5Hq3XjSf3/oYUK,99430dca-4b68-4fad-bd30-b45cc2966922
T4,nypPWF1a/xpJ9rO1cwRnp6bJ4SBySaw2L5X+7oCnwHdTiWDQH4Af1mwSRXpNC1Gq5CgoVSrsW7A6YP0QKw+kPl/nERo5wv4A,99430dca-4b68-4fad-bd30-b45cc2966922
T5,I0pmALwUAjvpZ7oCIYfHqk5c/T4NYTPepDV5PPGHIRTAoxMy1DS1U0EmAX5g7qZ6yTnlgApA29eHm1qA64kK60g18vvwFXtL,99430dca-4b68-4fad-bd30-b45cc2966922
T1,qYEnS+n4qdf4/r8+ZU6q07cckBVLBiQC0IJ4I7ZfqsalZwNopT3nrqeH/fpflsZlEXNhgtpF0E85+eYNcQQx6oJRfhD1aCSl,c1b75a8b-926f-4d20-883f-34fce16f0388
T2,LahM2mmC4BkIfCyurEaFp2vn7UbCcBYa3CzGhgNMSLRTr32BN9s7F4DFu9LM7OmwqzjccM9DZmr2LWNtuxCDqTc1HVJumIKk,c1b75a8b-926f-4d20-883f-34fce16f0388
T3,1bM+Vy4FRMYhagMkhlCjjkfwcdNbNKvTSc473D8pQ4tEr/+XSUKXNGz0oGUZuhKdQVzl1xs75DN4i6sA+7OvA4i45pl5OxFa,c1b75a8b-926f-4d20-883f-34fce16f0388
T4,a0YSyJAEYHIZf1WkvYosizT1JEhInbDkjvGZQ1DRSnWJkgEZ2RQotQju3TxFIded3VgkqAFxTlzBICUYS4IW6qH3TafXXIio,c1b75a8b-926f-4d20-883f-34fce16f0388
T5,Su+PN+Z4w6auVEyd31AEXC7txWSVbpvWlUjFasfUQFyn7djB5M0eNcZs1c8PJh8iX4OFk6Ys5jwb3px4D+7LchEbpbbznbg6,c1b75a8b-926f-4d20-883f-34fce16f0388
T1,0000000000000000000000000000000000000000000000000000000000000000,b8a075d9-e72e-44a6-8945-a9ca7b338971
T2,0000000000000000000000000000000000000000000000000000000000000000,b8a075d9-e72e-44a6-8945-a9ca7b338971
T3,0000000000000000000000000000000000000000000000000000000000000000,b8a075d9-e72e-44a6-8945-a9ca7b338971
T4,6D3JD6fgIOuJCfInFIh2UBBZ40qwsWtgWTWK9+DMkYioPuqPhVhKqgvNZi2r0+nTbt1Jy5u8TCxuO0JkpsBwamgFT5w4oS88,b8a075d9-e72e-44a6-8945-a9ca7b338971
T5,0000000000000000000000000000000000000000000000000000000000000000,b8a075d9-e72e-44a6-8945-a9ca7b338971
T1,YHux9ln7T9DBX28zlHcl2qRNtgFuxQOzinLUyW7BWjjXi4tJ+DR0Oi/KcmyFWerwKSk+P0yho6HJb2xnO+FQxeR8t6pX7RrW,68c6637c-5f6d-4419-9024-b2de918b42a7
T2,T5f+CYr7EylMG4PB1pMCyFuE3k46WLCg/bkDO4dp1lmLuVHoO2lYvVoUtv1+S4IJsf70ydN7pXxZ95goSkWPDPukZFazJZEh,68c6637c-5f6d-4419-9024-b2de918b42a7
T3,M2wpxMl9uglr8Oe/KZfw6zL1SgPMr8JqZpF6RTr6BArrWnbzXuL2dbq6lpqWy+rk2294O5QI/K7y8UHpUxAv6ATxgdoSNLL0,68c6637c-5f6d-4419-9024-b2de918b42a7
T4,LPLHoytjrKVhsn4mfuQ8agiGiIKBQGGDOhJzP9AXLfBYf6k5yMfOpnoVhsgrJ7KTEwR9m3qHNhlWRNXdZCLt1TxoNaeanOvl,68c6637c-5f6d-4419-9024-b2de918b42a7
T5,tGTEnl+yp8/mepPsPZ+FAxx4ybyDqQ6/BLpIbJatanmrnjhy0AYjIuPfYZPfxMtkiA3rrSeyJmxgCNZTyF1iJJN3uCka1jUg,68c6637c-5f6d-4419-9024-b2de918b42a7
T1,nruPNmxAMtGBtgTEkHl014xFLl+tcCNC6ncgq1skrDmrgHvlrPDqJyURjkAKdb0yIYaNxp12XKZ8LyftW88GJ4jIPq0ahtX1,6668f7ca-c2a7-4001-86d0-6a3c6705fb8d
T2,X1GXNdGGGIYcvGGbBXs9un/eeDNydSbhsG71MRMdnXBkGKtvUS5ZIPWR25f9lZvxwRYfE180JLyLzlqZVStxCLWMx7THCVOV,6668f7ca-c2a7-4001-86d0-6a3c6705fb8d
T3,RwZSUo1mAQKd/wKNfGPPvIayBimBeaEf1nuo4FtwZBil3hQ59PB61JbsfCVL2CtrmuxBapqEFV2P+ApURRhyiIudh5L4rJkf,6668f7ca-c2a7-4001-86d0-6a3c6705fb8d
T4,KHaJDLeYEkDsy+64+dmT1+zejIYDkd0o9w0t0EkCUOOjpycVK1rewg+Ztgl5AJNhpEQ3gWuGtwcKvfjpZwmExJIkLhPsKyLG,6668f7ca-c2a7-4001-86d0-6a3c6705fb8d
T5,V1n/1jKdeDKai6aiVYjlBdsW9jQz/tQrZ7sVExCVYye3F9Ji9ez3oprnxAxmMHzqnb8EkdegkOfVTYL85gmIX+vsx/ZucwDD,6668f7ca-c2a7-4001-86d0-6a3c6705fb8d
T1,tGK3RgPLDrsEFRLD6+Dx4rAm35QYrvKYuu1vIk977RdI7L/DbRmAC96WSmIqxLnwuBGMMANeSo4g64y5su4jzqSHwPQTvKYm,85044627-94c6-470e-a011-1d9a1ecd7678
T2,8WfcZSE4+HQ6ruoFiBFqJBxOM8GaPfRJiFv/g0J5AJjQajrgs7z+trECS3DgkY1jHBuVin+y2TbHvWJlPvLYJKwiF5G7p3b4,85044627-94c6-470e-a011-1d9a1ecd7678
T3,nucQrb5PJ84tLJIl7kFxloVgFI6CGsRqzSQraryw1rCMcBIhp+sDQ6MxsQw/UljVlAgRlVW/r07Usu0NjbEfdbX2qncFOEjG,85044627-94c6-470e-a011-1d9a1ecd7678
T4,BmheU47k5WUZHupf3P5Ome/nkCaw4EhdofAnMSBajI1ME/cIo0hQK7dhBn24oB74MJP2ZhGzLC3DCGG7Q5cq5NzZmIP8eDCs,85044627-94c6-470e-a011-1d9a1ecd7678
T5,yDtsQXwmBhPchv30G8MRiO+CQDl2hrYqUcA7brsFpIyIYfhsRzWZ1ghwjE9ZN9G+K4uDYSkrQrAv2ECWqmJpB4jgxRlay8xU,85044627-94c6-470e-a011-1d9a1ecd7678
T1,ZBOUp3q5uqCJfuxFlCsBUKZlwicupWw+qtqv9fvyro4rOR7fHr/ScZfpScChijZmie0bnDB7t3wRpi62NQ6FcoAKW5U5Xo6v,33de4ce7-a6e0-4287-99d5-79c59c444825
T2,dJSLeDFAaYcACEPQeXHSpMB7AAF1EIH+6pqgNEBsktSn8LYkg42D94p8snYZCayKkXSWxeRCf4kDqJYRFqCEuEYK5cOBwik+,33de4ce7-a6e0-4287-99d5-79c59c444825
T3,OSvQ41cDjckL/LewOsaLOGayxmimMjp5Ipp9zYx8Hx+ojEux3bETJCNaZB/AqU98QUtxALmTj2cyS3i3n+8W8X9T3T6chOqD,33de4ce7-a6e0-4287-99d5-79c59c444825
T4,RbyDUI2v9/Thmwy1sPRU80U9PWlGL/cO77IOXL3k3pkQu+0A0DQWS4ZUQIA6/yrvmCAt4co1YBkrQJl0LqyC4kBlHw47DcYS,33de4ce7-a6e0-4287-99d5-79c59c444825
T5,UyYhwxLRMaRlZ/hUNdugSdYlLrNec50pU6um+Rv02M6QyMfI+73aF+CZK8r9/xe1L4fzFCIDAp8VkjoO2HRC3qYFhbqvPACo,33de4ce7-a6e0-4287-99d5-79c59c444825
T1,aGZzuxTUFGb3FtAc2xchr40+0N+yPo4D7SjiyN38MbU9lYJAJ3/F3JnuB9WtYBjkYHU8y14agYjcFRxxD9YkeWvRu8hyDgl2,df81ea08-f860-4b13-995c-f68ce713a010
T2,FLl/eSw4LuQggzbvvYvNobSrFUp5u0JbhpzTQoTnkY1lbESFuD/tsKwO7KIleNn+QJhK+OthbOSxRlAy21KipSNEY58w0+ke,df81ea08-f860-4b13-995c-f68ce713a010
T3,ES6n2BvO9kbovqCs2vaSGMZSY8LhSpu2XzXQFwhIvzpt8ohxU44gyV7mtpeo0NegH8md9jVdeJ5ByPEy7HIn66JiCbCnlKQj,df81ea08-f860-4b13-995c-f68ce713a010
T4,rAlR1Fi6u4+tKLDggFhP66VDtj3b9jNDL1TH4OKR/c0tZiX9LXqVbnW/lrDMmcBT15OqrcxHCnbOtb7azIu9obN/nHWJt14E,df81ea08-f860-4b13-995c-f68ce713a010
T5,1+QZoanJXniZRmvu1j501T5aQwiwcogAD6yNLZ+GE98LXojvLdHbm3Jdfr8WHGDidxCQJQ/w4E1tsmSHSKQlx1fJIsd8317l,df81ea08-f860-4b13-995c-f68ce713a010
T1,v/I/WvAUwvlmF/ILNTYF0xq1EVWJXZZDFu8bBWPqjU+1wbeCyA4R5UZ1Kt1JWPEjgavAgEdUPnlAVGdIjIcxorKvVzHkIuDL,23477fc6-baa3-4126-b7a7-5660250bb37f
T2,TNR2fmaCeTYVBGUP07wn1fUlx7KJFK+ZcDDN+Z9a6FP48yCg7lsYTHug1zl/dP0kj6+6RIWGdirhJ8vXx6rqshK26d7JRByD,23477fc6-baa3-4126-b7a7-5660250bb37f
T3,hi5JKJY47Wk4KMG80t9fluDilSonlSjWgPQCaGfW5/ysVkQ7J3BvNVUIMG1zpUQUp64VCE427VhPKERCq3whRFdUnvKTErt7,23477fc6-baa3-4126-b7a7-5660250bb37f
T4,zsmQZnZEPXykfTohRfutswsODoXP70Jdkh8JiXv9A/Fz+HTcG72gMyOeDkVOy5MsZzJYON5vYRUbPEhtR0Hxe6SpwxFZAzeh,23477fc6-baa3-4126-b7a7-5660250bb37f
T5,hs9eKLiNtrXurBHT5/FKVGjQzFAoQEDy9dp1dkJ2mik2wYfZZ/QVvOlZSWm/nFbN23/Gj9exUDnnQFOOfHvNXpkxgzV/An3w,23477fc6-baa3-4126-b7a7-5660250bb37f
T1,0000000000000000000000000000000000000000000000000000000000000000,39ce8a06-363c-4e05-ad66-09d241025d2c
T2,0000000000000000000000000000000000000000000000000000000000000000,39ce8a06-363c-4e05-ad66-09d241025d2c
T3,0000000000000000000000000000000000000000000000000000000000000000,39ce8a06-363c-4e05-ad66-09d241025d2c
T4,0000000000000000000000000000000000000000000000000000000000000000,39ce8a06-363c-4e05-ad66-09d241025d2c
T5,Zm8MWi4CfIoYXDih/CdzjjSuVqI8c+05WHRhPamkarm8hUT1wSnFpDvyDTAjTa2q1UH9E773++fsBZHL/Pnhvwx1bml7nESa,39ce8a06-363c-4e05-ad66-09d241025d2c
T1,EUtB/gsInYS+/Lekma1u83u++ZOae456RjFGN2J3vWPbaWSQXzqC1gE6W6T18hGB3VCQQhL8XmMS7k5zpTHtbF22IbnBadXA,1607e4ef-746f-41b1-891b-71b545e50280
T2,aV3SxSWJWVTJmTM2/ZBBSSghXGjtzb9SCocbyvYtwFJLmAz6akzB8aHVW6cvwMgkdQ/8+hwqaoN98RCFIM29b3nkAqoyl69l,1607e4ef-746f-41b1-891b-71b545e50280
T3,nLHjYbd2oSIrgozv2MtcKPJgO+oCrbR84BMZy38+US4YI0X4O7sDg7Amko2Zc1jRLfQfIhuPqskEiBpn/S4JNx2cYIiVNt3g,1607e4ef-746f-41b1-891b-71b545e50280
T4,69i0cHZnrMV0mGZjfGKX9fI83TWCJiBHaCa34jdLskTz1+buxnRFSMkA3YJlVLqrud4xG8bjmLPhqe/9M40p/+HKD9bQDgOD,1607e4ef-746f-41b1-891b-71b545e50280
T5,ntK/wv5r3sxvmbsNmGPte8Dkdc4GVOg9A+dMzjwvU4Xr6rOhqCP1xwnuGEM5lHirkPFs3NOG0MEXc1BgHZTzIpdXdtJiLC7a,1607e4ef-746f-41b1-891b-71b545e50280
T1,0000000000000000000000000000000000000000000000000000000000000000,066073b1-e5e4-417a-91b0-45ba0ffbad6d
T2,0000000000000000000000000000000000000000000000000000000000000000,066073b1-e5e4-417a-91b0-45ba0ffbad6d
T3,0000000000000000000000000000000000000000000000000000000000000000,066073b1-e5e4-417a-91b0-45ba0ffbad6d
T4,V26MXJzJiIZ//b8ZNU3lhZCsfZTKytv2NttwCrdv2ahYNiFIng3t3YAlXC9O4zPuer+u2g9EFE3gPtm9cWytHBHi8eNKW8Zw,066073b1-e5e4-417a-91b0-45ba0ffbad6d
T5,0000000000000000000000000000000000000000000000000000000000000000,066073b1-e5e4-417a-91b0-45ba0ffbad6d
T1,ZVI1tIp6cV8RSelJ20xRT4uZ6j1f2guJvDx2mHfKloT576BrksaW285XjTUblkVrKniPt03YN1jQCtLnjFUBt1gvHzC9vpmh,255ac1e7-c002-4cc4-857d-3990340af840
T2,UP1F+WKAfNgPpurSEA1vesSCLbK/POZAxRPaoD5SQM2fqYxJPoTVeLW9l0istUg976LLIfXe1/A4RChm7aXoXd+uaUwsIxhB,255ac1e7-c002-4cc4-857d-3990340af840
T3,8qImYGqF0LYOuXXnax2hqzgjZlP2JlLd8bWhYOhQMhP+NF0H0nlxi4dp6caW//4oQeMWcJUHqyg1wF0n32HhLonsmEVeY9Jp,255ac1e7-c002-4cc4-857d-3990340af840
T4,8k20Xm/kTge4peJXaLBkJxAuOy8Xf/1xBmz5wDMY7x2paB1/NgkGwH5Tbfe30y4XG6cqy4eacvK14i3tY1rO+aj2LB4u1AtZ,255ac1e7-c002-4cc4-857d-3990340af840
T5,tyLFdQWqybsrre+WHA4c4/5MyR35GnSP0Q4xcOJnin7dA0fPOpwNoLTkfanPgpj33G8e9bdEtlPnHU1P7FRGHIBX0o9abOBO,255ac1e7-c002-4cc4-857d-3990340af840
T1,8qjSaCKxSF5meE3icVQ+yi5C2i7vBOxub0W25CGq9Gk895XgweC1AkRiHaKX7PN7YN82YmVH7mxzIPJ9l8FF6+mtRqMX2aUG,411154a6-ba59-4c3a-8698-8918db1858f6
T2,pmBcXyOMrpqbCH3JLesBHdkOe6v8rWtCvwO6fn9y62fk9kDNxF19RJ9hOIZt3unKg3U24W0A8TMCgMEsV+Ju2W9lLa+JIB2Q,411154a6-ba59-4c3a-8698-8918db1858f6
T3,ArDT8f3cULkDkXr5csY1jYCUAf5S3AG2Nf6ZDYtjBnZzLvVr64xaEsztPwGZ58r1OOoIk/jp/db3uR4P7Yd3kNUxLDCa79B+,411154a6-ba59-4c3a-8698-8918db1858f6
T4,yvmb0h+c6ipASWhzW9ZxLBV7hxpVK1Tbg64sTtiGxiiaWtyqR69WCBj9qbI+8sLYHp5V0FhywgRsSF5PBWbY7brZABtLL+gc,411154a6-ba59-4c3a-8698-8918db1858f6
T5,9Z623M+MU3tRf6xWDcOZ3sucHefZzgVP8/pmMqkyu7BQdsxGQbaXg6//gerTU3VpNEFt1K0f8++1d45SBUJl5KFRnymqViYf,411154a6-ba59-4c3a-8698-8918db1858f6
T1,eKygWwMLZhzDwurgf8vrEeyojz9PXENaTKKiz0w+2fS2Fr9SagYBlxWZQO4G6C/eyZUFj11FpJPSc9QKSm66PU2Ad2Kc0Mcl,04f834bf-33cb-41fd-8a00-e9408fe08927
T2,hhgcSPclk6N1flTkZChDXPQSTTjolhq5KBUfAQ9wyMAtbFVcLFFiP2zKHS/TlQhLCSMRSPLw8KMgDQSGe5VLg9sJFAgzg7Ln,04f834bf-33cb-41fd-8a00-e9408fe08927
T3,jvwtkpw2otZ48g6wE3cIDCgwf3x8N45aJ03bogpeLPFNrT8JgeH1VoV9ycXRYOB4BpBuoXjzRieMSIwHi2s+VRpbSxqY/nlU,04f834bf-33cb-41fd-8a00-e9408fe08927
T4,ExRllUNAitq6zSvMoTIL1LcjRWm6XVUDbeNUuRNprfJiSE+2MXmxwj3uKBxIHmX8xp/HA3VR22pJGhWQ9y6npdcpEdRhJ1+e,04f834bf-33cb-41fd-8a00-e9408fe08927
T5,L4e4Z8iOqwncGwr5wT9INVb7DWf4UuxdzojlMsDe6QyML6ucD2dybhK07lOx56ibZK0EQJoW5gDSiWo29N8o7YRprfdlh6vq,04f834bf-33cb-41fd-8a00-e9408fe08927
T1,IVV3avGis8bdZkr1ZTwSi8F7hZEKpJhzrFAj+A1GUkYGUkTPZF42x3ZbFkYxypPYy4E2iGz1s+94V1j1uks5sZMytX/uc1BM,59094c55-98ac-4892-9d7b-ade4b6a7811c
T2,dycoeCWmAd8vrhgd25+SEa4xudjxGQO7qIxg/IWMEHdAfkIRNhsgCmn0PZR/3HfrV80N5+g3puwrb4+geiOKHnEJDxtE8TL2,59094c55-98ac-4892-9d7b-ade4b6a7811c
T3,hDAvJuwV/bBcjJoX/NviY31ehAzl6un9QlZiQAghG7v9WjLUkjmrFL+2/7zt6daKRCM8PO7a5fxv09DTMi+KtTA3RKLkPr+O,59094c55-98ac-4892-9d7b-ade4b6a7811c
T4,ZTE4oKUz/GCLu861NlYi686qTfRnexOoYSr2a5q8Wsqhc20FMVbzChr8Vtfevh1odzndLSDfBIilMVrzFOY7/+448sYSD21T,59094c55-98ac-4892-9d7b-ade4b6a7811c
T5,xv7y11Im+y/U3fdjB9EmBrF+fAqB+Ks/yK+COX6x/CczJ4QZrva2n+QqaeObe/CU4WvkAWz/B4QeFeBpqtUO+L3/dUUwGx8S,59094c55-98ac-4892-9d7b-ade4b6a7811c
T1,Zh3bYsKIEFrPu2TOVievd+V6rmGxW9ms6jO2AidYdp2ccQPLJY9lbmrV+Q3IkMZgtXd2EIvbXtk0qohqZ1UwGUF5EfD9YHmq,1174bffe-bef5-4531-932f-f44e7fa11a68
T2,UaooP/yb7D4jWgBQwmitem1BB/7EMZ/SFzDT/AbH+r5SM39/u/lAsTVYufNvYVqG2Op4Kq3NM8K7P0WfEzfboFK+BUOXoOBs,1174bffe-bef5-4531-932f-f44e7fa11a68
T3,AqfUthf7uFF3L2CZSwbd6sGg+ihfkJPY6hwddeHsNml8KYhIzpdLORIvNAcwVueYP5qEhHUa4gOcfFFBNgWLt8n0r/dHwdeX,1174bffe-bef5-4531-932f-f44e7fa11a68
T4,6yZf4ELNcK8u6UnV32cFbbWuZ86fP3zBi0yO9EeYDzmLVpr+YOSACOOBrePKNXYXhPR+jK4B2YoDwmMIBtnZsgVu+7N+MZH5,1174bffe-bef5-4531-932f-f44e7fa11a68
T5,O6BVMOv6jhQbINoCyCm5vxWNJdq6UmgMEkHXp75mEAxJ66uUHL4TO7QSVpV6lQIOcQa+llCBub8wJIhTPiMP47TaFkIWcbS7,1174bffe-bef5-4531-932f-f44e7fa11a68
T1,M8ROr1wNQK56MBngqNVsLb7aq5uxr0yV9QiRbYrUKZ5t6YUU/RQJG2Tcjmt/3DYobf1cCbOr5t/fa4KeMnt08/3rHL6nEMKu,ff205c4a-653d-418d-abd8-e2222d8138b3
T2,NowORQEoIa+4NMHAp3TYB72y8U+xukW51myBIPa4p3YGBGqD4FJZeZHAuNW7i+ejLzKcQbtNyqZ8IUIlZr5BF2yuaRMy5Ew7,ff205c4a-653d-418d-abd8-e2222d8138b3
T3,XawoWM/ZlDQZz3Ackk2M7mvWnYI86Sb2isJorB/00MKIzIGKbwanItaSmZLxrHXKdzNIDJeY+LT+LLlIJIee7Epsv5MIKKd9,ff205c4a-653d-418d-abd8-e2222d8138b3
T4,j3jfw6+xpcpEH7OYPs584yUooTja/MnDqFrQa9MmP9mXYloGmSfEXqGIvtJ5uS+yFhHRntB0hAdPF9APGSiJ3Qyh1o+/Xk0x,ff205c4a-653d-418d-abd8-e2222d8138b3
T5,9Q5yuiQ/8C4Yb3ygbm4t9c45/wv/LeqqpBbDsR9yXdVOYrvV11IqxA9VfNsOF9++2CyUytPyr562PpiBIWCUQQZQ4vfU0WEI,ff205c4a-653d-418d-abd8-e2222d8138b3
T1,EcfK/kOSohNjWUbJ/OIxv1M6FC50Q4LKRieXo/oWAZ/fwUrPHJ7R04dv57vjkM0Hkxxmx4DFMLgr5+UcHlXZWs4xIyNBUwpu,fe71bc26-074f-4769-9309-f6892df8685a
T2,Q8xcn5hP4GM1AIRy7nCBKEUDb06fnlDGTK9Ny3nry0lhRw5T0/yuOc7UpZ6fGhfHHlhF1obrUxARyQ6YO8dDMANEQg66oDfX,fe71bc26-074f-4769-9309-f6892df8685a
T3,rhgLOJ3g3dv4lWlwaj88rQ0vIruhZitYFjYhLRA8fZW09eapAnQynhIUdC3M/WCmcL363qvKErl3tepPQFa6v0EsXT35gPoj,fe71bc26-074f-4769-9309-f6892df8685a
T4,HuO+VbJXbgq39QJ5cJZe0vP35hCMvUKt//FZJjgBVoye/dhY8QQfR8uiP1MK5POyKGP27heY1iz6J6HwUnN2I34Vzl06ahHK,fe71bc26-074f-4769-9309-f6892df8685a
T5,UNsyhPHJiGx1NnMl5kqe53MjVz825WuvZiX4xN/ZyedKSq28iWBD7yc/Aoky6BSayWaFXuG66AH8QHiT+EcuRFFvcMSzrfeD,fe71bc26-074f-4769-9309-f6892df8685a
T1,kZB+pGPS88WcxJH1qziGbNXY0VVvp+AiFb0doWyDmz/Wri5IElJABUtcPGSTet1GYUGFFzPgdacGX5JtlaGeo2c2Lg5SpPgR,48bf6f31-701c-49d9-ba63-2cfa134d5b81
T2,q85xrbrO6OCUCJERT+75ShKKb0JUgeVaVfmrI0HsdKHgSv73k1rrTHFZ6SruunEDRRaSKAlW8iyLGRU+JPSGtpQi7vkSOMBM,48bf6f31-701c-49d9-ba63-2cfa134d5b81
T3,dWjWYc2qLKOpprWiAokXpqPNP6bmP75zCpUvJiOqfKy2vV4TbbRiM+tPEJumlxu29IpIwHgvRZ5Frccg3d3cwtewV59ltxzy,48bf6f31-701c-49d9-ba63-2cfa134d5b81
T4,Wv9FdFjFOKjXVwT29FwEtnpz8Lq0mCXS3YHx9FJ0rVUQVi46qmbFK97kvqhwf3qCdKsoB8y+lkz6JKylB1t8qHce/U4rLoLv,48bf6f31-701c-49d9-ba63-2cfa134d5b81
T5,kXxuv7iTr+wbaSa3G49lE4kHbtSnvaHN1dvFjOpOrJqGPxU2ux2IaAd/aOWkEPOTG06OQeBcIYdJPM+jgRKnnYfspce6346h,48bf6f31-701c-49d9-ba63-2cfa134d5b81
T1,fvnoLupbRd/bAWlUy3DifaDjEbUFjGg6WC8LfU4dLvuhAq2EyaS/uLc57nf+oNrpWDEv1LeyrYy9cyCc5oc7HuXdaGFwmket,94b92523-50c4-41b4-9e42-8100919fcfa6
T2,zt2R5to7SiAqxMggPKQ4LF1gwP+lYz3srCG+eFZo0Imp5kY4tkCd4CWJXyT8kiD0JcrnNrl97rk7TMFYRW+y1l94RjVP6MkO,94b92523-50c4-41b4-9e42-8100919fcfa6
T3,QFYpzOzd9vfE7JWu2eXCV5g8vxhfdOr8mTv+yAttZNxmnD8lKmwpFKYfaergYpEGRWF5XPSCkOvSwnn8ToG3dyIND41NrYNx,94b92523-50c4-41b4-9e42-8100919fcfa6
T4,8XCrw02Y73QjTY4sPQh//EyaKMdfDl78LiI+n1qzwztbTKqa4C9M5nw9lD0crUuI/BfqvHEqWczMwejNAtMgWuggMY/gFrig,94b92523-50c4-41b4-9e42-8100919fcfa6
T5,HHxQA5NojcfH/MCZ7lbHiLbxnK5b+CJJyhTU46I/HpTUcSaIhuqNd6ENZmWGla+wvLKLK5Ugt86bWJI1lNXRYLUndUl3qtjn,94b92523-50c4-41b4-9e42-8100919fcfa6
T1,7DpcudpgRnKxOO5UuvD8kVX4/lBhvf5S74kFgEtyX1vmB/Lul0Xe/C0Iwx7uzLYgTJ61ERTjciO1hYq+o9uq/FRnwvCyfyf4,2f6827ab-4b4e-42a5-9726-116ed7139047
T2,z5Vyyg7c2rRRXEjOrAoY1SR5iFlh0wzw+8pgud55uLDPCoX5atJ7At8D7AaNo8UNx/knVj0JdKf8K1K+cAzOzGhgnw4LrqOj,2f6827ab-4b4e-42a5-9726-116ed7139047
T3,8PRCpWG622F2x14DoxsLAd0ERqolPfd1p7AwHYqkgkLu6NEnOEDkTtk9mwrAxpGzfBHwtWI1nrLAo+wpIkz62PcoWKFQPD3V,2f6827ab-4b4e-42a5-9726-116ed7139047
T4,iCh8h/9Jc06X0gbrd2U4OB3IQ0xb1SidZWZgiYJ3w8N7c4GFl8UgQhN3DFiDzgaX7FRs6xf25MdDtN28WFf1vGvPg5tBiIol,2f6827ab-4b4e-42a5-9726-116ed7139047
T5,qfprJWDAlQ1A0Ze7Tqrjmtlg0piT5SzpO4I2Sfoewml15tOwZSf3IEoe/XWaOsIoJRXsjQiUx3t+IE/8S+QqC6Jx8j0cPNng,2f6827ab-4b4e-42a5-9726-116ed7139047
T1,PkyA7GpZiQJmaVH/0j7DDGyNfXkAsr3rsHMhv/klnIYLVTlp6qcSDFVGgE/Lb5DLK5X9jcEJn21t9Sm8HHLAnpETPMeao6D3,0184bf78-13c2-4df8-a7f0-73afce9ab6d9
T2,DAsCq+km3PTsOrTZ45SPRDJR3KM5Y3BMFAFOFrFkcuIoWXJuTDfJgYzGGy0nLfZFYiE1poNIRP2BwVHxCJFjVhuu1QDUkyWT,0184bf78-13c2-4df8-a7f0-73afce9ab6d9
T3,SuNe2XjbMDp7E0QuXiGxb95AkDc98zJIo8nZXAvawYKvN0w7CST6QDg95Frt3Jy020UErqk9fP7V5kReIKBSdvYJHkqOHGed,0184bf78-13c2-4df8-a7f0-73afce9ab6d9
T4,lpc9Xw3aEQiQhwj6btedIxhsoRVNHSXaKSKUxxNasIcsuAvRtpKjwTzmKvoh6Ot+DPh7kraAQ8O+x+Hm3fUgyw6xZyY+XCHx,0184bf78-13c2-4df8-a7f0-73afce9ab6d9
T5,iEFAFmyeuiYPYllQCbbdx7AFd3foukl7X5NfnwJ2eBb62lWrhpUD2AWEgc3o4DYOcQWsriGrWv6tUYCg7K7VWYz8PEHN2y7y,0184bf78-13c2-4df8-a7f0-73afce9ab6d9
T1,BqEhE5Mzub8YdMoI7xAVq3TaDdcdMU0zlfteEFizsxd34CkGDk/PU+7VyS4SQvPvOdbscT/iC9RQy3DzC4OeozWLoZVK7hIa,9423fe99-0abe-452b-86f5-5fe8af3eeab4
T2,VPI7SgXBBk7W60pKg9rvsif9FfzBoi7/GBevG1Wsao72ysbYLRwsVXvV0rkpkm8Rqu0c9wT84uaisXfXhUg+R2DMQJ0ii6Ld,9423fe99-0abe-452b-86f5-5fe8af3eeab4
T3,IHuG94977eG8Vhti/NaUT8u1//Jli476VQPmhDpxnvzSnFQ9NzKExRHPWM/tcSe/yK+coszOLdYh9vM1PP8dS37ddYuXvVXi,9423fe99-0abe-452b-86f5-5fe8af3eeab4
T4,o+47GMr4hk2jKoWyZkoPcHS+xwgMh717a4vGnOL/J6ytHZeYyUgLJPEyyKtbGpWOdwjAgYOcXgEWrsWS2O93jfrBrABfrb28,9423fe99-0abe-452b-86f5-5fe8af3eeab4
T5,Qgth+aEK+aJo43uMNdcKFd1JJIXNLqiSNmGQ1fFOpV9143LCjZm/DG09e1ScgwCNCARMHyh+7raiAkc9rjBkDHi+f+VnS0SB,9423fe99-0abe-452b-86f5-5fe8af3eeab4
T1,/aTQ57uRruV0i6WAE9AJWLJchUYrxuMlpG4aJVN9G+fVCgoN/AtueUiqxX4bhg+6qOiXkgTyedYqvSITVm+VwzJAJNoTnOGM,47d1f224-aff9-4df6-86ad-9582db31a142
T2,N+xtPRpcecmCbfV9X64HwYiQeea0OJO2fpqDZblptC9yY61r4bcM3ap1zVwRzm8/1Ere67v4YoaCMsyL1EnPVFS7Bg36LLOR,47d1f224-aff9-4df6-86ad-9582db31a142
T3,1QZgnOH/REmwK7CuPJsFsZVJlMps2TThWz7Vz+ffB7nBnjtAvss3kyU5mc6Gr0fipixnXi6Yb7rWfkyEIECYLSzYNw0zO9lJ,47d1f224-aff9-4df6-86ad-9582db31a142
T4,CXXgAYMfD5T4SPC2mC3vJ4iuRjju2sYBtnZg3o5W3aGqO0elsWo6HXvqFOHxxJgBq93xo84mnHWSc8bzeRlu2QenGsnPibDV,47d1f224-aff9-4df6-86ad-9582db31a142
T5,shxTbIQ4gYzQQL6c0k+qIELhcZOCWKIeVUsVXSixg/NUjLWLeLzG96BJeMwNkUWKNdpTlY+AdgKvVI/tuHr/D+r0/tEyXwrv,47d1f224-aff9-4df6-86ad-9582db31a142
T1,MUe+Iy9xolBe5UL5gkQHm1Q6iHhQ/x794+adJKo2zNT+UitrcDwrnUenzxwDRtSDOZhGfjh3yXktBZ7SPa+gyehMtwAc4NhX,a2a401b4-f974-4061-ae19-b693e573110d
T2,TzOnxzDOOzTF27fi6V/VPGko1/5WTv1caZBQZeyudBl6RDYiSKH5RtTXdB1En/02sTkPvQ4yI7QpeVXIKfsVj/4Ks275GrU1,a2a401b4-f974-4061-ae19-b693e573110d
T3,3UTRksis7Vk5Q5PknGrK1nok2gT14P3REyfc5zd8CHI5wqIrl/CexApV09Xtx/dC7murYXC6ywEiaK/sRHb4byliZsWvh8ut,a2a401b4-f974-4061-ae19-b693e573110d
T4,rvmLCtzaCrr/7F913/r0JnWqG84qsN/rWn0h3Zz2aRYEGm0Agro2hNAhgzjZ8+ugsz6RIdgk2tFZ6bSjuS0sCWPg2NNDNqbq,a2a401b4-f974-4061-ae19-b693e573110d
T5,vP6+SCPDjWMwsYNJnjslOTljFoEen2mz0/zOE8xM0ZNx7WbsNtEnTOkm7dBRXWLeADTzSxn2rNu6bqFhkKX8WHWzzlZc6PH/,a2a401b4-f974-4061-ae19-b693e573110d
T1,psS2I8XKNvREk/uAP5qFKM+Y8hOmU3jTgsn80tIcJWYJlAmXg4vWfSwBl3wuYv3kybNqUKTkoR7Cv3lfaefjE0DwY0ilB9oe,ea749de3-4b68-4fe7-834d-fa7639fe2957
T2,0000000000000000000000000000000000000000000000000000000000000000,ea749de3-4b68-4fe7-834d-fa7639fe2957
T3,MzmvNHFyRmK5NNPNWNodCM/OmC4ceI9mCEgDOSbVFXRU4l7Jyp7dN5TR96P8Cb0GAcfK/xHCTFU/o8RjM+3jNrzoXXTaQ3uh,ea749de3-4b68-4fe7-834d-fa7639fe2957
T4,M6Ucu7lyDErh2hhL40L1vbvX4mZJrmvoYEcIk7nOjePKYfkeGmsdwLbd23Sts4N0n2b3stwEgjzIIt03zCxSuZ4hlyQcbvq6,ea749de3-4b68-4fe7-834d-fa7639fe2957
T5,HpVK6wUi0homLy6rU8o6F6Jky1sklNXBK4kQryc+6gi5tFTlmIB5slMuf3yFp3iX6gKwNQVzFNQtktw27nMiAyMyR/HFjFNx,ea749de3-4b68-4fe7-834d-fa7639fe2957
T1,cE2/Jpb7y9GlNlIix0ptj2f4LvtxqgqtB/mnTmGB2t0nYp9eMaNPzgYpIpGGKR3RBrp5bajw65TGYdnph5iRoh/J6E5m5Bzk,c8b9e36d-47da-45f1-bd69-3ceeb6f297e2
T2,keTDvuY+lBMgYSWGFYz7aQ4oiyLo93vjbjfjBL+9JhHxtjdO8dtsBqePPbZOCsw5c6W45sgeq/EHCfrwCIvBGyK1tRxEXGuS,c8b9e36d-47da-45f1-bd69-3ceeb6f297e2
T3,pVXg9vy9hCRtKS+vdpIVsLoz5VtMbhYQrrduyP715O14f4p3ovVIO39P2cW7/Ab8oIIOnNcYfJE2l/KxXV3f99RZSehg78vR,c8b9e36d-47da-45f1-bd69-3ceeb6f297e2
T4,5WJbGPmJKm1ZbfVpjPfGFMB8y+Xsko8lGyjIRlUBUgxTb03qoVEO+JsnH0N6PNxF8qpfFmyqNmfgYZW/gwm+2lLsyz1L0uWA,c8b9e36d-47da-45f1-bd69-3ceeb6f297e2
T5,A1fMTbTmTkEMJuqtDU3uyPo9ijqW7HYh/GwAGistwrPrBdi2ZLYPTQJe0IfKBnN9yXkaKWCBf+zt0zScno//5/G0AUsxNttu,c8b9e36d-47da-45f1-bd69-3ceeb6f297e2
T1,VfGvISJt0ZYCccrkbLkj10Nt7Qpdk2fzHTpB+jhb8JHiGdwDTBeN0CoSiRoWr9MzG/8GJJVjZ6Qk9hGvFutvMxP3S/+HBCBj,89485fdd-7f2e-45b0-865f-b2a9b687d04a
T2,zTZ2DvI27btrK9xzdY80tfTeCxb0KMRAxAoIfqjkhN7i0EthmhHt0kjcvygdug3Fx1EojO11Zs3qPcGwFp0evwJHh2RgUVSB,89485fdd-7f2e-45b0-865f-b2a9b687d04a
T3,5CC02fLlDvNgsUo+HhwoRWgo5edoilJsnoxLkUwQlb0AcHIHRY20l0fEfpwS5pw4eCteSHmwOWkC+Uskc2CuLYPEJSHoWXXO,89485fdd-7f2e-45b0-865f-b2a9b687d04a
T4,+kfjiXCNbhwpuNTIvDIeZ550TqZINLx52AG183L4OXDVDZVNRgStQKe1g2fUIpwPm4abci2IsC6nYu2/wh3VHMjqv4alZ/Zw,89485fdd-7f2e-45b0-865f-b2a9b687d04a
T5,zGmRg8DMmfgC7r/EzjfNCK8bW4vmx4R51Pv8s0G/p3RjvnEAxEnfqy1v/pmuetsZ3c5oUpvvTroiQ5WASkd/EWv7FLP/hUx1,89485fdd-7f2e-45b0-865f-b2a9b687d04a
T1,wZ9uhQB+YnBeEO9W0maXDdyvmCQ0KzThSunb8VWrvXfSz2hexMxfVnP8q3lps58qHyME6UFnhTYQIh/uxnriybMnNBP2DNNA,89325b94-84b0-49bf-9803-fb0409ad5447
T2,8b4dpOa9JPlTDUWOrSGPNYb7C1+vFmhbS2BB2Wetb2CVeapjHOCVSqOM/t0lNAs5c4Kdgn/gvPGWPzSE81LMG0TEx0FNv40r,89325b94-84b0-49bf-9803-fb0409ad5447
T3,EeJXSaBB648zC4Z5f6UQ90DrJzxVeNqWHIlpH3RY8rbGzAD/H/m4KuCT6hB19NSfhw6iytxTbO2gqgpMhKJoSabcQye5HqeS,89325b94-84b0-49bf-9803-fb0409ad5447
T4,0000000000000000000000000000000000000000000000000000000000000000,89325b94-84b0-49bf-9803-fb0409ad5447
T5,YsHSJU1AVR5LG6asud1BEswENPNEWyfsAGTvdZKFzf07sg/8VWYC/icoBv289FTsMZaGaebwzMyE+hQiLbnwS4O5xu0Fksdx,89325b94-84b0-49bf-9803-fb0409ad5447
T1,JgwH5ZRcwZEKYCtj3SRNJTd3qL6UlKJJIzTVtvHzVCWFwAqq0UYWcF3hnHkYgxSZEC95Ks7Xgtc/duN6SVf+YgCJOumyQ7MF,03cf5ca6-0e8e-4813-9d00-9fbe5bbc274b
T2,Rrvfr3vhcLldy2xR17MaOsnRYWIxSnIlBbHOiMI+clNKL1ogLWoh/eNzvksn0UjNgtVBtdjuRmXD7dfNa2mhJ1QjNy+gp7Xd,03cf5ca6-0e8e-4813-9d00-9fbe5bbc274b
T3,nW7P4RBL7ED3P/9/6eajx2G7uadigO1LavmXpbTMe/hNIpmqKkPAeur8MOJYkHD0CnNUVA8rTPiq8k5Kt6UpdDUsFYg0ygqp,03cf5ca6-0e8e-4813-9d00-9fbe5bbc274b
T4,EFFHdsynAidHAip2JXrEHmFBnCCUUVTvsfHVl07y8SjR/FC50i9vkHn/e5PlScnXpal5CfNb/eMx7J7LlHeSmrTn0jSApnSP,03cf5ca6-0e8e-4813-9d00-9fbe5bbc274b
T5,/hfmOANY8DWMj0vgKHs6qQ/YYnjJS+eJ2CoUaT233PxGnWW8geQELyIbtC/wP/wUoo6ILy/8mCZfTPhmNoeQf3yynrnkXFVx,03cf5ca6-0e8e-4813-9d00-9fbe5bbc274b
T1,7AB+ut9/4nbFUmVZWg5QzD6LeUJ+FADn1NJQwB7+dqrG3HGGbqNeedGVjHFcOXFV/8XM/x/DmpsT1bsHHXjqFue4xPX+C4l5,e2d0a396-92d9-48d7-ad93-7a02cc85e3cc
T2,nYxET4+CU5rdqTZRWBuPAKHwbEDid1vzsAIZq5rlBgfiQ63Bg0t91LBo9HX4uVDmFyvYGEA/CbPrxsnLsVUb7kyNPCa7jdYK,e2d0a396-92d9-48d7-ad93-7a02cc85e3cc
T3,8YqBXsV3csJWgV184Q9dPV+w/JwVH1sX8xwvgc2cdU5c/yF+ABRxzbzcZD663+0Ud16ZdG5NUNS/cNTpegCg2uGcDXka62nS,e2d0a396-92d9-48d7-ad93-7a02cc85e3cc
T4,rESQiHYQRKzmlfW5SKG+Eu0XLDQsR/LyFGsEtPwo2/bNU/IVRuMq2XnSBQIU9Ot6aaGNLW8gDthTEcSE28O+aGVtL6KuuxT9,e2d0a396-92d9-48d7-ad93-7a02cc85e3cc
T5,J5RsAuuLPgSHtF8KltokcEMew/jV2GqVoL/xVD+IU/wAvTdCToRPm2XwmH+jywucKQXPPT+mJEf1AzoW1sGfGv0y8nsPyjQJ,e2d0a396-92d9-48d7-ad93-7a02cc85e3cc
T1,P6iIA7WuFM/rUAqVFT6ksoBfiAn1kDYbZKJygV0BvJ88Z0w2aTmI+myHL3BDX260kfcMsA/NhJsRgvTvZj6dB+ys3P0ENktf,a8bfbc44-c18b-4ac1-897c-76ee5bd00763
T2,RezG2Gw0TDdxOhyOUhuLD0oK7AQbPz/bAEwyZNaEaFVw5/xAGgQS/1MyJIYevUibYeBjNGZVzAlcYA2Cw0adifrtTf7dm++S,a8bfbc44-c18b-4ac1-897c-76ee5bd00763
T3,qVONVLRegzJUL1GAtS1U1Ik9zC/Y/C1eRRTFVZ6J2eT8ZZhIAB0vOFfvuSSm8bfB7K94irUUNmtdOoasC1WsG3J03o3bXXkr,a8bfbc44-c18b-4ac1-897c-76ee5bd00763
T4,qU17pnj1lzeWHVak4egGVBW+PMzVIugW3zSqZQ6nSC1JnOwIp8Xfs6BUdaSuEPUKH4x92CAA/HpGgEufQgJtTnjTjp/Dxo+w,a8bfbc44-c18b-4ac1-897c-76ee5bd00763
T5,WJ+Igr0+wbKTG0IdddBGHLX5ovMb55KDxPLCJsvtynheDEaoaVNIPn2ZndCY8uit4PMXL6x9coDewYafTdD2GHfYT8uoCUoh,a8bfbc44-c18b-4ac1-897c-76ee5bd00763
T1,W9lfauJbG3L+kqCKXvGVC6/xHWrfaYacfw9505yg01/7IO8QPKr7Vv1nTertrtzgTAOWFavIVnvHn4V2rFVbH14sJIHlKrQn,c5213fe5-fba3-402e-9c8a-7706f34e23b3
T2,vV6m/eq1CgaB+dIVg/+ErYYzuAq1Vk87tqbAHMlVMBbHSX/fc4r6Y8+7sAo/wU0yn4m+gDx2uq0y5s83o16kveE6SJJAUl5N,c5213fe5-fba3-402e-9c8a-7706f34e23b3
T3,i8Xe3zy6yGqPidaeP9MKlBbxwGStLtR9mQC/B6G5wJLpP5XQ/MP31h+Z0LmQSkeIN6H1MBt5QBOLWCJ4TFc5IQX4b2mMU+8g,c5213fe5-fba3-402e-9c8a-7706f34e23b3
T4,FoAZe+Ly6hK//+pvIVyp3XN/qcL+ZtEsiJ4Y2njZHo7dLN4MMLlRKDA+djRpwSBidEVCSKc/GKSOgNdyl59cQDXAJz3BEWsz,c5213fe5-fba3-402e-9c8a-7706f34e23b3
T5,sfwIaB4yj0+OiKRQZNF42VKmGongJOwp+8yi9X30kXadQml3kXeWnbpdeNB5BplUJmLa3Xlk8JupiJ8G19ZuzESPIg3bfvoX,c5213fe5-fba3-402e-9c8a-7706f34e23b3
T1,vjt86cx1K8wsgRrecWv9h7PEp8KttmutB3Rz72/BxwUJNIXcRhmEkkTUhpcli6GzhZrWiNYS0LkzzsvJY5Grw4MyAV8Nzvqb,12e55610-3fa3-4a40-9e45-8d3e1a874f74
T2,hoRQfa17xUuyeNpVoRTsGYiDfHmpJQ2il8rc+OKaNgiMwkfLmfurK5czoGb8hLOey4VdBSjKY54KCyTf6NFYfrVkXI6zOQhd,12e55610-3fa3-4a40-9e45-8d3e1a874f74
T3,31+pOytpUoU2ncQ/olvD9A3Gc0XYX3J2t3RGI/xG6DggL92msBmkAE1eGhVuzwrCwp0S+x00d0WHMZX5k+OjUhoMtqgJ3Ggo,12e55610-3fa3-4a40-9e45-8d3e1a874f74
T4,4ORv0/UxeKVeUMNZ5EpFXWGV47Q6esvm0IWN6EQqXpCionAr69kkJYuqLd/7cb+tDbDJqKWtKenTLB+7fD+6V8/sdq3sQZwY,12e55610-3fa3-4a40-9e45-8d3e1a874f74
T5,oo34aF5hdQE3eyNv+O93v74aNjbhBxJN/Rttalu6OvdFGQk72Elp9dvPjfuovrqeoQYTg5SEKDItORhaXLYilCSj55luhcls,12e55610-3fa3-4a40-9e45-8d3e1a874f74
T1,w7gI7DMsrsK+xcERq1IIz2oW/NpuiZR97nXCf/RIOh6lfVGAosVXtqStcSxDtjX8LrCn+2inlAcSf7zXjziE4ArwKtUGAfeL,ba26dbed-493d-4856-b7ef-63215fd661a4
T2,PXRQxQavn01ON/KsiLhzr06UhxUrVwnfYP27hS3GtgUPbyEyYJGmZFtObfqzg9aT+Vm2hLCKdvpkoF4RUuxQY77crKoHtnQ9,ba26dbed-493d-4856-b7ef-63215fd661a4
T3,ip2tuQE/ngakc5+BAS3WaHQQaCLvRHEZDz26w0X74Aomh7vEGKNln5JLDTfySkmTgWfp+ErrRh/BlsWmDn3K0iq7z7bRlcJA,ba26dbed-493d-4856-b7ef-63215fd661a4
T4,g+165y515TSyOG6RsiRIgYuDBavGcqD+wxXvm57j0rVjIsYlofZJrxe2G7DS846A6Qkeoqt5UqyT3EULuY2I5KEn5FOM9T2N,ba26dbed-493d-4856-b7ef-63215fd661a4
T5,uPpBOvSjmw5dAccNA2JJMYg0jrZKenDZqPp7xr4vHHSZAkyUNe/OAPUJpwleg1bKOTXGrWuNtq4f4yp31pv+lYP6PVwVtqTs,ba26dbed-493d-4856-b7ef-63215fd661a4
T1,mCYL5B1hyOZPPDFv8al3dEK7EXJlfkhPUgbEmrZw1maF+tDtU5D0JruRDYztAA/5NSqA7/qyiRoeDSvMpzj9GExQUjAQ+56Z,4aed716b-0fa1-46aa-8bc6-a63453b2400b
T2,gZ5N+Ja6uJ0M53iPxbHOW/FQnQQd3rSMNyWzJqaRcVJ4BJbNZR59gT0iIXc/ae4pK60LU8aJovucQHHPCrw2FzptiGHnIqFC,4aed716b-0fa1-46aa-8bc6-a63453b2400b
T3,kbsfeJw3qL2c16ECT8Fh6wqdMPgUJLOg1wC1vONZjEPWNB7yx8nHpBsk/qyhC8grGF5NYCgqmXVraMurEzbmqtTre3UFiqOR,4aed716b-0fa1-46aa-8bc6-a63453b2400b
T4,bcoi5ycWvApDQs/gzJ3FRdYmrzMEi9tECWgD5Flo5kj0of0SMH1ecVn0YQH7qXd5EaO9rNtoXlN3aTsqis12mE9962lm6CF3,4aed716b-0fa1-46aa-8bc6-a63453b2400b
T5,62BchhDezvNASUuCSh7y85zCGnxx3meOSELIRhi5MRPIaPRPd5hGHFrOcSHoiJzVWg9J3PI4QLmGzuooWY/7RJYCJgakttW8,4aed716b-0fa1-46aa-8bc6-a63453b2400b
T1,cViaLKlLJK1HA5x7ZMfSqQTDIx9C1ONU/aXWfR5z+jsheaqQtP8g3/UX/xGeQZ1C4Sib+De8ZNUjMDUTa1l7l1xb6a83qQ+S,e4c77932-658d-4296-8922-03b158f9232b
T2,cl/99chTf6Lt9v53g/8NZcF8Bvj0nA+aBuUhxtVSv8CKISQctB9M4qdRqxfV1Wo7vWTeQvTFvfujEcAwCmJ9MSQrWx/ixmx4,e4c77932-658d-4296-8922-03b158f9232b
T3,Fsly4pW7+RsabNebSJjHFvEKn3mm9hCViKxC2NKV0Ug1wUKQoFK3F+CmhiC92tsXHtnLvgWn/Oi7OArpmTaQIPOFfH96W5e/,e4c77932-658d-4296-8922-03b158f9232b
T4,j1JhXR/Rdo2Q0i3x7TA8Ix99HibHbLAeFeDGDWtbFH7GhBgMY8rkXpe/sF3Y87NNFhU9qnpqXex8PACFTZ/QOUFqlBOT0EXU,e4c77932-658d-4296-8922-03b158f9232b
T5,qbDfgPWofFmAWpB/Swke5dw5TfgTE7+Oz6VNdmUU+z7sbMjiiSZfCGsyGInHA3myWEzXlI4ucQc5Pwzci04C0CTdr+loSmcl,e4c77932-658d-4296-8922-03b158f9232b
T1,RJfoTAdmDtQe/txzKvs30MDwHS4uw63ERLzfwGnQZlwcDavhw6lisVMDa+MilpFqjtXdAYaZiACVyiqHf/5zxW7RspYHErlL,3fd6e298-a5c2-4347-8361-12ec156b3e4a
T2,T6A5VeRNaVi60K2ZpbZTLhrL9gxynwJugGPDrq+q+wx+Sb/BHkUFBhAMqTJCZjauAsOhMOzR8NtaSYHo/dK2423/i1jAlCZZ,3fd6e298-a5c2-4347-8361-12ec156b3e4a
T3,6/PZ5nvUq5ZjNfeuIEQzHkz5CI4QHJgp1lr9dBkQ073i1KHgo88SBhMByPLgAZmo1ni2W16SeAju5NV5uWbUVyV0bFUSZPbq,3fd6e298-a5c2-4347-8361-12ec156b3e4a
T4,AN1fT0ZZBxj1FmSoElEsUtg1pix0YyqwcjA817SNUp3zas+Jgro/onvsBWmRhm7vxg5IbWFmp0Zqg4DgvNYzTDF7avHnb9WQ,3fd6e298-a5c2-4347-8361-12ec156b3e4a
T5,uJj9DOzqerQ0mBv7mhCThzeJ2Qkn7RGfKXbgFJJYYDCyzpIrjndxlYosv8bGTn2XrJLEvQHRtk9hllKuyBVJ0TAa28iRVw/h,3fd6e298-a5c2-4347-8361-12ec156b3e4a
T1,N0euTzvJiih2VsozFBQZyOJptIZXtmwGPmwLohwVxh7fYRgs47rXd5ZlW5Nsihi+Sn0Z+0SQVzqfjAkFENiWtIElJuWf4vrw,60afc346-c0fe-4c5a-9ff5-3c6cb9851adf
T2,aM1yAtyepeSs3actwRb9zRObTZSZy/QtdCJLxvu3V+ahpy4LPBtIW0H7Q0Ctna8e4x7yzBoBeJSMGKbUBDTmH3eW1EkIFrlB,60afc346-c0fe-4c5a-9ff5-3c6cb9851adf
T3,lvYSeOtsCmLvPta/DkpOUKjyLNxs3qNAbsyiADcsVIOk3f1Rx8Dfm7KoKk+mzBUCNA8uHWYUAtQaDxnqNYqLkLlx412T/ViJ,60afc346-c0fe-4c5a-9ff5-3c6cb9851adf
T4,zljoSKlO3FeB2pmXYA/+Uh0OO62kYir+CrIgOLFu5jooRjnKjJynKkI/fcrSUYJX5iJxmOkEfEyhZs+rN8PbEOggLxEgK+Ob,60afc346-c0fe-4c5a-9ff5-3c6cb9851adf
T5,PTALPyJ0glA0cm0GoG71L3OGpxxvEB/hCbdgNB+FqwgEL1hfIZNc3986KPqpRBiL/BXHkmYh2CUr5n75h48tH2H7ijS3k8ED,60afc346-c0fe-4c5a-9ff5-3c6cb9851adf
T1,Garp6WlGMv7xBEEbTAhC3C12gT82pnZNRo2mbNrh2NjpEIjKtGFqSN/dzaaoxe1uh4c1Ivu3ZsXrEJ93Qu/ClxD4gqQSKQzX,5e6dd884-efb1-49c7-a14e-c07d98a85ea2
T2,fBsBxTk7Ca2CO56Ygo2phtoklc+KEvGP+W6uBw+rWIWKW1Vrx2np5s4QO/RoJzoOFOQokZbhXyvPcdVLZ+jxGbnPPhn+FP3Z,5e6dd884-efb1-49c7-a14e-c07d98a85ea2
T3,t9Yvt+wu1gXRnAD0HlYzD5DKnkZwppD0Beh67xeCJBZWpnIP3hW7QJkqogy1pCJ2ntH4YEZ0CrHFBzHaTGSlePHgZbVB9LpP,5e6dd884-efb1-49c7-a14e-c07d98a85ea2
T4,V01egwkR1UMDRGH92EMFXXsVlTvtKG2+/0OjgJk0Q+ZrP1TFuN17xiquWG/AEiXVWC/b9wS162jhJ1Rni8tzuVfcSbiiSD0n,5e6dd884-efb1-49c7-a14e-c07d98a85ea2
T5,ULc+RnGQPHq00LbEMGm1ASzCT4jIo2Zzg42KvZuDxl36hGMUxAfOwPtDpMWTjFtmTsjpOVNleVKGNOZl6484WaESxwmVra7F,5e6dd884-efb1-49c7-a14e-c07d98a85ea2
T1,cEZdjSvXhU8Oi1MSMQLiZPLbo8SWvoHDscNAzm1vCpSeJRbaok4yAf3pBK4qVMzpZzdpvuOZZ2bWVJoXLTfEKyagqtI0Vj2L,b0b50515-6964-4bb9-b6e2-bd1fc85e1c99
T2,RigR7z+eJPtiAepwA/EGo5rZ1RdILPEj+s9649Bx9jH5PrqrR56LnN1WdoRFE2DGcTmRnBpxt1oRg1k3MUBnRgxZwGbT1Zp+,b0b50515-6964-4bb9-b6e2-bd1fc85e1c99
T3,VmSGWPToM1lRW4Vop/6EC0x9+F3gi6rD4uuUuDakQlEhYdaiZu5TRqyHZ5HIIUbkODU2p4KnNnyKvp8CZxTVpQ6+5yBnlotQ,b0b50515-6964-4bb9-b6e2-bd1fc85e1c99
T4,mJEfMC8/YypIoqfRyaN0GZeIgjy/vk9SbS6V3I0I8gK6d71Q2T3hpjKI0SFRCsu/WT+LViRV9yzffKB9npbnxDyrz19nzYz0,b0b50515-6964-4bb9-b6e2-bd1fc85e1c99
T5,Gnz5VMxeQvu2nUOBtPeSDRMk5FQ3Y/QlZCS5lp8g1OZmXYFMSmDselmrvylum4t8sz9naSbs1wmBwSnxwb9mNcGHJV2/gkPV,b0b50515-6964-4bb9-b6e2-bd1fc85e1c99
T1,LCzHUkS8ovXeaoYHNFNWplUBKy6vjh/5VSSLkEUCKhlOhlRYf2xRUvJtGkCDtFzwXikO7kR90H4N1ogpSJKJfgdd3Aj4Abro,adf3974f-2cec-476f-a3a8-2717b17df861
T2,6IYUDFr4vQRRdgfpEvDyy12mlB02rmwL/PEIrkI1jddaWQKpfl1nXj+DEgTNTq3POd3NGYfDw/bR4fjOHK2jtgVZaZXrukC4,adf3974f-2cec-476f-a3a8-2717b17df861
T3,HO1mcrpenVt6RJTUD8nwvmTXJtR1No9Ph2iMlJX41rJweY/FMizOjvrkaqWAu4ATRIsZawfJeGmle/ujNnE6xyH9v8KiRDFQ,adf3974f-2cec-476f-a3a8-2717b17df861
T4,Bg0b5DIPB8wUVhlOpl87uSRD9SGhNVyEfxQkCIYT5WII71amzKVumjMXlX0E34RitwzbQBmcXJpwFgYSLlQ/HA1AiK6xot90,adf3974f-2cec-476f-a3a8-2717b17df861
T5,2HV9y3C7tmtVCcVu1IUlKlu0pTGy2NTY/MSWCcW5RG78E77rRqTuafuG8umoAPrlXlIpb7NW2S2ppyx6Ygopok9mpTQgsCM8,adf3974f-2cec-476f-a3a8-2717b17df861
T1,iFFolna/rYaVgstreZyK6OZDpguE9jshY6I3e4aOkANr/vCiCUZBYzeO0BQWkJq8qXx9uVow4MdEn493K23JQIVBbf1p3LQi,fc4d7684-dc8d-4c52-b33f-5346b9f40a45
T2,h+s9L2/YyosJjnBTJ+vRIWaZbVkJG7NDCJ4FZm8ozyT+XfGKd8a5XAve9dmMXDYJC86TeMgyM26aQHzKI9vnwm++mM0Jv3DC,fc4d7684-dc8d-4c52-b33f-5346b9f40a45
T3,POZSR61M6SqDbkDyogcjVitxrrAajl8S9yM1HhmLQRyWCTpOVWZQKyzw2W4LTq8yq47qZsPX6oDwFSzjrjGslk59vx3jQODJ,fc4d7684-dc8d-4c52-b33f-5346b9f40a45
T4,PDJnRwQe51DE/PNiIenS5wjhBzN+ausgAdccao/XiP4Ds34waDLGtoKnxQblVcAFHUd9lrMcC1IcTZ1uxohqMe/OhZ7bt2/v,fc4d7684-dc8d-4c52-b33f-5346b9f40a45
T5,mkJKoF2qN0iV/XZn04cpCSt1PK8FQ/OlDgsW63gW25tVbh+42UoxrNbMkQ6rvAZfnzgKqFVRL+ZdMfsD+shD/5QjAMqbxoUV,fc4d7684-dc8d-4c52-b33f-5346b9f40a45
T1,hE65KZlTGObZJJSmXaLoXqBjvAgpkgFFRgHn8AcoYVpaDnHbaudke+kJ4ThRw5Nc6Bidyf6M5T6YoQ1xsO/EimsjFwxMuRGr,e25f2656-4676-4929-94ca-6a1385655bf1
T2,GGmQhzfdR3xuacr6X7pMrXpmHFhxcBF3NKpuES2kpha6SYHIXp6Up5wuSdoIC/KBuR6ejBxlW0AQqe91iLewHWedNs/gi4Fx,e25f2656-4676-4929-94ca-6a1385655bf1
T3,wX/W9IlOzajLWGRGpCLeDQsl/M/02gp40ZZQuB4FPem8ZUF5ITWiUgVL2+xig5fM962roNBRdbDvQ2bYscgmwoIFKtHSzT5c,e25f2656-4676-4929-94ca-6a1385655bf1
T4,MK0pK+BzVKOMOBWMg+W+73OSlOE1nqqb/ciruhACqnh4wOMnmxFHcs5nCzjCvvN/HzxCZiCVJZdfrX6wvZZv1LaJ6LRXG5mP,e25f2656-4676-4929-94ca-6a1385655bf1
T5,xPBmBe7LpWkK/V7Ft78iuZYcfxL7oOGED+cVgi+mYHT1i1Xb30xNAMU3UGni8ObM4e2NnvYyg8MGwmdlq9qpefCQj6LCybwn,e25f2656-4676-4929-94ca-6a1385655bf1
T1,AXXcIUKaiVB+SAcAYo9H8jR7h+YMN+d07eZMGklulXdGP/HshwZvAHgMEMaXnxinmaeYU5W7s5GH6CL57hWW0bNhCkDinW21,dbcbe202-41c8-4db3-b215-b663a4acc589
T2,Ug/YgZHTIu/mWsVcamR04W1PFTIQSUVc6wjIeU1rBV7Iel3tRsmIZWcpF4+sU9eK7sSECWZzq5ygGpylHD3TSWnkV5oN0wiF,dbcbe202-41c8-4db3-b215-b663a4acc589
T3,6fPTkJbjNmQ6Zg2d41WZD7C5Hd6CFfmQ/1ixTQmA7OGn//u0ITIYMJ/kPOgP31Ji9Hzhk7MQtUICGdt4ES3FGFPvoifRPYRV,dbcbe202-41c8-4db3-b215-b663a4acc589
T4,G4tGbcgoJM7iF38Axy2iHnml7IYdXQVHYZO3/Pm//5sSFqn0/TIH9nQnCaSuOMYBahKgGaZDNUvr6bJOEVwVN6PtypPfXZuh,dbcbe202-41c8-4db3-b215-b663a4acc589
T5,6JlUl3fBsGw3g2TtmGjR9Oaj0EDS2W4zOwOjSyMG1Hgs9Ps8+pphrsx7RT7cAzi+ziACQ/ecKem8gApKUf9qtkJmp4F5bYut,dbcbe202-41c8-4db3-b215-b663a4acc589
T1,zXQMjgBpi3UTUCxC3OidXtgue5n5DRjm80Kz7+RkSrhIhUxZYoH03Z4fA9buCHS7sNmmXv1EjHNPDNh5Fn/4NSDftLb3hy0U,7a58df5a-e3fd-4bdf-b51c-870abf3c2ae2
T2,p0MM7m9fybF9bJbG/cEifqWpwfAkCVbw9tLBvEAVp3KSup7GNTIG4em4h5rmkoyWIZ3VzcDbPCeBwfr9Q6adCB0gnINnV8mb,7a58df5a-e3fd-4bdf-b51c-870abf3c2ae2
T3,bRhfS+9N/srzHraBhmohhJL/+yFoAXI0mQE7BqNHmWZ4miJ2xMaom62iLg65bNDeV2voiYD6Pfm5cn0hzR0kRpnUBcN6bCwH,7a58df5a-e3fd-4bdf-b51c-870abf3c2ae2
T4,PSNWgNDuGwOIuhrY56tBgQ9tNPUqG5aOAin2bsLXkw+6ynzT5BN2B72OpqBQMN/3xoT7C367xk9UbOgkZGl69oWHlmGVtcKL,7a58df5a-e3fd-4bdf-b51c-870abf3c2ae2
T5,+UJB+SYzdUkS1yh3srdIyp1KeimVDyveDlTPRFv1Shr2lfySnXIhr3q1tjw0CWlQTRRu+SXgXvyvK73RsRpT5AAcB1f9Hqz8,7a58df5a-e3fd-4bdf-b51c-870abf3c2ae2
T1,gk7Z8FvVi2YQEDQpa5SItpfPKMvX8AXAR4cnkCZGLhVri5mzpFW+uVEFBAR7uR38z5dIW29lc1OEqfxY8WHs1In1XiRJh169,24d3550c-9f3f-41a4-bcd3-a8ae2cc96668
T2,u9AM5GXKKBJQA+dOZ5zx/aVjAbjtstDYJr8mMOjgzBOSdGz9iQNmCSd0lXYuSUJEx3gGWA/gzwGprA7rNA8nJ8aOuKb27h6a,24d3550c-9f3f-41a4-bcd3-a8ae2cc96668
T3,a/LbtQ/z4HUVRjuWssvjho3Sui6021DqOoPXbaq19tF5GDy4Xf08ES6y+KuZYHApiQeI7jcnb21batEAp9NohMRsmLjjN1LK,24d3550c-9f3f-41a4-bcd3-a8ae2cc96668
T4,hL6VkQRl8TsYKlLkHEREgRoK+5z8EQG1+DW/EB6aNHitRupyIrAxuMylhWBsSyM/PxbVfna30KyKmAjRpr+FR7luzhYm+RCL,24d3550c-9f3f-41a4-bcd3-a8ae2cc96668
T5,GbzPKsd72W3YKVK4FKzCfVMhjHq/25LKxgQQP6PDXZzQjCUEAV8LcpbOrEdtjX2mb8r4WYYmf3Y1XE0+THlsyYmffbv7/UUr,24d3550c-9f3f-41a4-bcd3-a8ae2cc96668
T1,otXweQG14v5M7lXMIz9NV4xM8FtgdbuZiffiJeDLD/N8JbBmpMQnItMvGZtenxRVdvnjpEhiELyZ2xNvuuFIkDZkREvuiSMb,80f2db1d-4d89-4ee8-947e-7c3958093478
T2,DR25Cw7Nb7VuAqEow4LV358tezn0qcHmFG0dOqq5su5Y1tUt5Z/N82TYBZ5mXYvMrEZk7xIraJIWmzM5O1JtdJfSkKoPPJkg,80f2db1d-4d89-4ee8-947e-7c3958093478
T3,PT4e+gEnnbYV419QQd+N8pbZWHHhMSDV1vBZ8cLY0pXs8HApwvGXD+4uSO0cZKiPBSOTnEmo74VCr3XLVWxDdRsb1+23AX/C,80f2db1d-4d89-4ee8-947e-7c3958093478
T4,W348JXUSaqBQQtzd51MZUlcsZTbBOw+rP6b60Fy/Mzf+q8C1I5QcJ9TQD/+f1mMvKSVEQiaeLCeVwODm9cA27op4v7mdu5II,80f2db1d-4d89-4ee8-947e-7c3958093478
T5,b03JbqPHmvbDxSNiM8JiNlBwHQfbAioNxGg//jGNuFoDH1LUkvTJGDIGeXE5/TkAqDcbz4/DaLvnkWXGit3w+eqiD2oC+hL1,80f2db1d-4d89-4ee8-947e-7c3958093478
T1,3Scvk9QQogt9oVBVGM/jML/wCTJfO0q4doh3QyKQGDnDfvDANYhlo+7gsAw1buVFS5ufkfto22rbUrhL48XbEwE/wH26PG3B,9c2ce6b3-cabd-443a-a9c4-1f8bc9574b33
T2,rpMW8xO14TcHY27lD2OycIA23THweIHpkewta3xMUlXlyCt3WHhwU6UsE+oe896rN93hEK5LXIjdYoWYca4WMKCM+UZT4xjm,9c2ce6b3-cabd-443a-a9c4-1f8bc9574b33
T3,kCXIEXmuAs87pUcYc03FQzRin73xLElDsKCgemZLk4Yh7wwVjOyWVNGm2QIE1rYiGcdbD0vfhzNGp6y8iAZVWpGBnI4rRjUP,9c2ce6b3-cabd-443a-a9c4-1f8bc9574b33
T4,oJq+Dypkl78QdyZFJgcmrEJ8xgiW1Pmu9jw+B6mmDHBGqVUWUJbCe2Fzb9NfFLXxUefZV5noOFpuXYBtA6EnEDeAFARKnbOM,9c2ce6b3-cabd-443a-a9c4-1f8bc9574b33
T5,g1DRxaXGA7f5M7cPdpO4x6ebf6cbP/2ZgvOgbsWuPCv1Ml/bDVOt3T18xPMCs7etrEbi6EoQAnZ8rsryYFTjFBqaQS0ASt9J,9c2ce6b3-cabd-443a-a9c4-1f8bc9574b33
T1,xQRKoi+sT5SXDgJZJeugBFVDM98bsMEfStSG5sPkF7pK4ArDz2eqjB8gJtOONQbdQPA33HrBceQxNbWx7DLh1oQcX/QZJwga,ab79810b-02db-48fa-86e8-bc3b2496a75c
T2,jurpb3H78/os1sckBOPilZLxZS72qEWOuyF+5nPpzK0ogD7Mzld/FCRQ5ggrH6JjEvxPuuvZrjACjRvCTPJCQjs6x6uyNRHl,ab79810b-02db-48fa-86e8-bc3b2496a75c
T3,YZhziVp2q8ZfXnhT2r7AyfH8FD9EZEKbHgEDhDK6f6tCWa06YN3kpcqcBkvEygc1uaOMkhWScl/I9xy4NKga6Vl38MI99wnc,ab79810b-02db-48fa-86e8-bc3b2496a75c
T4,Y7nlPlr8FNmRfkM9iuD6XwpplXc64vmvWkQ6o+r3kxtHE7EKNknptv8Zy6ZlOhjmo9eI24hAt+pPepqe+R5yTqMYYyin3LA4,ab79810b-02db-48fa-86e8-bc3b2496a75c
T5,ZdicS7czrJ1DFHGAOOR1Pisq7B2GX60VCM8kPZlXchiWmvIji0NYTMf4pq/JBrxAiQeyIpXYwnrzuVa9SGsG0h+5ZET8mMpG,ab79810b-02db-48fa-86e8-bc3b2496a75c
T1,Ed5ppfCDzjyKT9jgbWuD2oIh6j6zd8PjGSC87r0eFTjSxdrWsmsmdzO9Cz98p51gxHh5iA4YhqzczqpgXkr7w12sJqvDySFY,3a9cd2bb-5882-46ce-b61d-352b4b7514a0
T2,cA7DfuQshjcwjYsDYYjyZO283z0QH2QwskATQuuOVxX32G43RNYZQawTA2bglrzAP0MYh3lZxCCl8g3+XD12PbbZLYBV47K0,3a9cd2bb-5882-46ce-b61d-352b4b7514a0
T3,vKuMxvvDAx3eMqksjsoC1XzYH/RE14BBCYIGlTcEnuzQcd8tNmrOxGqgYj56oGKQIoNkB5ScxH3+/knKg0M5O8o/PV2Ba1d6,3a9cd2bb-5882-46ce-b61d-352b4b7514a0
T4,sLRhQ1Vqc/hqLell074Dv6Hzmz4LEvP1EzlkgltU4XjpmumFJnsF9LR7iX2KGHEwGOh8KrGS5NLKOj4WcuPoQ6YLzypCcc3X,3a9cd2bb-5882-46ce-b61d-352b4b7514a0
T5,OxDw/G3kAzuKg7wmagGLN2QQM7b+x8X/N3DhRL1hGnXD+K2EERMkW9KHJajp6dAA0zbKFwFNMsnDahqXcwG0SPFhGocjZHmt,3a9cd2bb-5882-46ce-b61d-352b4b7514a0
T1,KSZNfZzdEfvuPwrI9kub1Wpt2eBVhal4+0eIByEmI8QAhjqdczwEO0csIExP10ejs3REI/i9qpvpZ883wR6LMjnjYgOnOoR7,f6f3a9fc-e832-4058-9444-c3c3683e83e8
T2,L4Ljjfof6wx94xlahwITdNA9X/ks/wtTEUOmfaT5iuKnR2CoeOtMCcDn+Hm9L6gJnpNPxTrb0ESYyipmgflUw+uNA3UTZpbt,f6f3a9fc-e832-4058-9444-c3c3683e83e8
T3,EeTs3FtZVrHKJmqgRk3ft3xnVc601BnVO52ZT73T3m31WHczHqClkXyUrskL3RmMkb2u0gWXv9a+r65dtaqxjGnW7V/gpUQn,f6f3a9fc-e832-4058-9444-c3c3683e83e8
T4,Z4kE0xYJvdsmXcDwxFTVaY59UUH+Bb+IJGQUe+THNQFupraTBSww2xiI/XlTHXEAUT6mXfyCQ4Ww3OGUIAo6mdzXYDgIOzAS,f6f3a9fc-e832-4058-9444-c3c3683e83e8
T5,i/UR2J7ir8+x+0SwumfT/TAR0nHVXhAQAYPBicfBq/J9rH1KBhjlAcE1oNfIz4w5NBlf7uj+G5LF1Ki9TqG35/D292tTFNjF,f6f3a9fc-e832-4058-9444-c3c3683e83e8
T1,DRC1nJ1HlQU7DHJsXGOy2ZoS4ECqxbkBvtLGNPK4TbUjIRSVXEz8Tm7dSLgGo7a9Fsg8h8uFOT9FBQUhaQmcJsxKmqfPpkn/,5fb8f821-07a0-48f3-9780-a43667aa91d7
T2,iHQ0aLaDp+xmUrh5Z1UmAcKTCNgJ3jKFgqOomPbrjOhV8mhuO9ZWozmbKvWIXfFdoexPRIaZAQYDZZUGFGDzJUXSTALi7nI3,5fb8f821-07a0-48f3-9780-a43667aa91d7
T3,Zw7MPMGGS7zpyF06IS3piQhZX0DtT3muZbyoynn3NtWD8lzbRBmf4rsGzNTpoPBstjLXr4fIdyQbFMYZF/P9QiKshfMYP8aw,5fb8f821-07a0-48f3-9780-a43667aa91d7
T4,aAusimtqo0Opv72ARBMPMzWogCng+fNy3CPp+m2e9pzrFQytM6MbBoCunywYy8N04KgjeH92nw+P6ob4jyF1fb7eB7nHfOUE,5fb8f821-07a0-48f3-9780-a43667aa91d7
T5,hvbSA6SZ1fsHX2HnwBW2RjCpPByizMjX2Q8tXuD1eKdFgvwCf33xMg9u7WEHq5VTOhY7Jg3rsjlnISU6BYrknQCnLPlp03ke,5fb8f821-07a0-48f3-9780-a43667aa91d7
T1,2RAmc1HdgydGYff+ifh42bCYpC6uOI5NBoR0oWGWfJ42ykpt8MhvjvNOoYPY0BfJ53sS/zSKFPxeZvUp6r+gGEYaF5LPYxtD,d9c8039b-2a04-4143-a241-92520239c8f4
T2,Jt1zlCi3P/+rRaYVaGEQnh5aJD6xgxiqC7AnO4TnfoAb4ryBFIL9hAdCSnrzsXW+cDMNNDMu1nl/NJmuIj7q27w5vBBHIv5r,d9c8039b-2a04-4143-a241-92520239c8f4
T3,o1zDbwidDSdj2au+Y6sDFQcigDAgzLPrRUrAleAsvTinzfAPqlVLcLPM2u8sRB1Y3Iwa8z8S+q/p8aloDNz+jj1L5NgihWrE,d9c8039b-2a04-4143-a241-92520239c8f4
T4,AAWB41yTglt5j3vzUYuzLoxLtS14buVnhcaAyoewCoP1jRWkUPsU43F3wvHd+j4n+L6KTMLCoIFypv53FrCfzSHBJuYyE1hv,d9c8039b-2a04-4143-a241-92520239c8f4
T5,TgRcYxqWyEfJ5ZPPMqpSxRpDa90dH7cf7Y9yhNgHCmrEAjHMJBCpO76irVXB0UuQJhYMgavs42WTeTJAqOvE3belyNQ9E8ja,d9c8039b-2a04-4143-a241-92520239c8f4
T1,w3sSyiyFJqrGKurN91pqZYcFrv8iJXiGy8mv2+NSTYUX4+OZ+1Lnt6WKWRYjlpFo4JcPP5K/Clm0iROhxa0FYGBhWx7sJR4X,4f0b93d9-396b-4bd7-9fe7-1bd6d2d5ff48
T2,x4dp5fOZgTQgsQCcxQGkIVQJbhqv/ft2S+JtHOIZWm/IJq3j5eubTWTFIROYygrmf/5raSXrYaCfclbncOeY7PM6d3pSFZqf,4f0b93d9-396b-4bd7-9fe7-1bd6d2d5ff48
T3,D3EexRUY69D4VPGTTum1iD+yjHGY76ibXuQD6/AshMIuo5yjkEoCXXVHYI4ixP4GqgL0+Zz3luvt7d8fQJQB9EXk7rmFCENA,4f0b93d9-396b-4bd7-9fe7-1bd6d2d5ff48
T4,FXyt2qQIVRP5NppGB17iPvPyZGJ7NVgpiHSywsJtRUttk0B4j87CnOeTxzv0CtrwnHfqQ87UE3qxYXgYPvze4PQ0zPURS+4e,4f0b93d9-396b-4bd7-9fe7-1bd6d2d5ff48
T5,GT4Qr1PMRSu7phuTpkvPV6t8LtEVsJLA6+f45hKs3HDIUp3BOHiJvp95Ur9GSHbB5QUBbr6Nx2wtJWVzLZYQPLHPu18z6+zU,4f0b93d9-396b-4bd7-9fe7-1bd6d2d5ff48
T1,4qnz7rDC/xcFA24b7+xOpq+zZ9whqqLl1a8FmYaCsmL78Wejagtsf3XD2tdt81zXM9vOiDMXgJeIN3rwGrsEPIyFYyslfxUI,530ed5c7-d409-4cba-854a-a9ef160ba6bd
T2,AD5IwiFpdTe1+otjhW1yRunJ0bJ2iaFIBQU3YblS/ujp81zZgbifWDL0/H/REtUqOoml+mPMcAeWoDr5N2P9KdQuqPrzytzg,530ed5c7-d409-4cba-854a-a9ef160ba6bd
T3,D0H6J+cKHtcE8CGgkRuSG1IGQcrBDJeuyGfm4CMcaCHlzOC4ZTYEJ6yLM84YarIbjuPqhT5NMhe0Y/FRoYsSM+q86sofXoDp,530ed5c7-d409-4cba-854a-a9ef160ba6bd
T4,ke4rQvcYqnoakTvz+Saiz41vav7y4G4o9OMe4Li/LJHqXfj57qKmli7J9lBc2TX0mcd7P8Py7VfVYCHbZU1xVFJ00L63cX5J,530ed5c7-d409-4cba-854a-a9ef160ba6bd
T5,Bg/uPREYq4K4LVH6q/+pJz7sT8oMAG0Rt9kWIj2GhDUoYVHaUM/iQNWBuB28XFzvc5CKQOBqVh+C4IpsYBtN6JtdyNgULdew,530ed5c7-d409-4cba-854a-a9ef160ba6bd
T1,Zoa8CX+SWCS8IWjSJGN4Ju29ZQyGLNEslDpiEToKJhPw0DWxbQB9qIx+8xvfd/X6882oxvgYy38D3Ook76LT7cxZGqXTZqcF,d712cae0-72c5-4a19-8a00-6c630efb8d0c
T2,G3fSpCF87hitmoc3+8ORlQGPCoszgx7FNlvOIBrnddeAKWSazF8QXwHiSuRIq638w+dklkLxcio0611NYUtodKeieXq/+dkV,d712cae0-72c5-4a19-8a00-6c630efb8d0c
T3,I/CzPJP8F3r1IRep+SdNt4J8iaoXwFk/waK7GogqF6nW6xSL/twWGbAl08OCDnPIhUIHoHaHNItRolDkDApFHGVgI3U5QbPm,d712cae0-72c5-4a19-8a00-6c630efb8d0c
T4,4C01lCvvThLZMxvv0G+ESOhWC4G6DoqRQUMcJwdyXxsjbRWNDfUyLPe+hpZcP2281WJo65nQ8Cejv7Tb+c5eyrzKe48mavQQ,d712cae0-72c5-4a19-8a00-6c630efb8d0c
T5,zkxk8dy3mq6mipfCm9kdBZfov7OF3wRXGYaZM/id6e/TuJFtlfSCtSdixzghmb4COcqYu34fXDDMiC0IUJ/eIL+A8YITol98,d712cae0-72c5-4a19-8a00-6c630efb8d0c
T1,M+jBuv4XcjY8RPKYouY+6xf36N3C3/mOEUV1DuwqXFwUQ/D/GKx7Xt4E4mwx+gttKGFmIsV9WvzoQczW6UeOtPeyfRYc3AW7,c0c476cb-6612-49a3-93c4-fcdcf684db05
T2,FgGJszKlNegisNKm7aGFGPUa2JID0rS9L7a3aBdryp8lCoOnkKhpdcXTHvqj5rlTJ1zTrgYmY+NrpsWJNjGm4FblX3Zs+LkX,c0c476cb-6612-49a3-93c4-fcdcf684db05
T3,j5X02nO8zGGnEP9Uiqc+mjIzVOgM95DCWXGv2M0wSr3NmqfVqcqJFZjUBqdwc/5eVA4cM2ejcKY8IdOWlwk3D8mslOJe/3kH,c0c476cb-6612-49a3-93c4-fcdcf684db05
T4,SmR6xtFPGIPh9MPIbouzVsOJn+T/jXde6fCpTzZYVvPvyHZHqZOmPPnPnDUwBlPZ9p8Sy80ZMpRB3Ibb9fzza640235/CMU5,c0c476cb-6612-49a3-93c4-fcdcf684db05
T5,+/87MPa+iL3kywjKNqk/S3xC84CTcrxofgCelJIy0eHXEMrCWtS07QoOzdZ3t23CdYPuor9Kp0ZzHigv0uNhdovyujRiFSNF,c0c476cb-6612-49a3-93c4-fcdcf684db05
T1,CYkob2iaCZx/5HXBBzuWUXt0SuJ0XmlmFLgT4Yve4Ip/ntEEVAsltEosNaNTFRVFxZqaXl1+PEXE+Yy5GZWRXbPlfs/Ts74C,e1c89a87-f918-4865-8527-ddb57d3224d7
T2,m5b05zbX8+ZyTbuRqzCK2rtp0spScik/BaI09Iu78zkfZ5IW0UZScrBuBT0lQD2FPqhFXS+Wqjty+BU1ZjiWbRpFKo7sgE2F,e1c89a87-f918-4865-8527-ddb57d3224d7
T3,hwkSAneW02dtOwREFbCrh4tjRVPEgrYk46SDPkmev0Ll/QQ5O1zOzktSDfjuFrDX4WbgLCzcJsTuJ3X+9LZCsoV/NxWQCn0T,e1c89a87-f918-4865-8527-ddb57d3224d7
T4,YV/q9ckD71OHCjMkcI8iz7sJy4xQfZZmUaJmjUO0coW+pATtN4TMaDvgV3/V79g5lPSrzc3eEIy4S0EnH3b5gPnTCMLj+InM,e1c89a87-f918-4865-8527-ddb57d3224d7
T5,Q7CiXkRozLMnibxYYJo/YGRMfeB505DBmDrVAJT210ZFKy2FXFMyiNDrjnxhNxpU4vW2LEDD0oqGhGnESdWavFcAIEE9ciCe,e1c89a87-f918-4865-8527-ddb57d3224d7
T1,QSaN5qvBRrfJpDNb7ytstqtWJTkjMTZyD8Zx7Asu+xbV1PGtBfhOjYC/MeyDPOE0bwrazuHpxa4fr0Hb4qnvcfFNlwL7Nioh,d6cc59ac-acbf-4123-bec9-d1309b418aa8
T2,whbdktNfdA6vvOl0KDeOMl/tuaZxFDyHBB+2Ve2DE/b+nLrMlvaHiCgAOu5Fzmoe1zSBIDZmP3x4+NM2WW8M/vg94CaaNvjY,d6cc59ac-acbf-4123-bec9-d1309b418aa8
T3,HRieV44+a9NZ8ZN9xC7MdFPoRjTuAyrh4Dnl3fEdRGxtYKJuG12LzOCJ8sBHei+RA/R9yL96HBUrHiTvs5QIOBz4rdJOdCYR,d6cc59ac-acbf-4123-bec9-d1309b418aa8
T4,hI6H0RI5iZ+sV2UMSr2MMkF5tzAsPnr2soWWgBk1hcjmG5bH2Khjxe0ls4QHPupLTRPL5V8ODknxzZsCSs5/IZ27iYsGij3/,d6cc59ac-acbf-4123-bec9-d1309b418aa8
T5,B/gtYW8BXLfIaTp02igBQXaSWBXz8bJN3lpC0nzAhMVGDp11pWwdTe0jrx9RjP2AY/z/BmtHDEmugL52LcxVzJHEc9dlYkZe,d6cc59ac-acbf-4123-bec9-d1309b418aa8
T1,7/5E/hGTbp+YCLmet+zooaZhvtE3rvgbEztVvATtrMTl3gisiXOE+oOTmkLuQ3tmiEebdt0WqN9nM3AkaPLC9HK3DBnqpz0N,ad749e17-85a1-4ed3-bfe9-d96bb75d8bae
T2,P0bUSE+sa2EioWEd9b3QHLEO2b/Lvm6utoAMAkYmt2CpF8mCs0pE7reAVL+AsfiFa0mFlbALv/E4X5ImZzCv0UcSb/yVUShE,ad749e17-85a1-4ed3-bfe9-d96bb75d8bae
T3,Fu9jAhHMqyflknPc1T+b5h6A7zKD+obEEKxTyoq+VAHeJgqXsSXYbpYp0PG9hGcTWPzQek3lM1xf6mHIP0Jf2BjbsU6ef5fH,ad749e17-85a1-4ed3-bfe9-d96bb75d8bae
T4,CcHfIlTyH0YTb+lIW0beWUkfkhyIspNx2HqB90kH/v+w1m2RL8oxQiO97f9uy2UNHPLVlUDHoDFlVqzoFZiP26UpT6CH/FqD,ad749e17-85a1-4ed3-bfe9-d96bb75d8bae
T5,KamWaIbQcb8mO9hnWY7KAvwOmGDnL8o7RnH1OIkIhW554NnomHZwAARbqQdOhQY7iUvIJE667LPiMVEg5QIToCEnN1lQn69M,ad749e17-85a1-4ed3-bfe9-d96bb75d8bae
T1,f2Qzq/iXOftbAirrWPRGgBwn0sR6Vyh7Jg7PAuNNpvnIr0fdX3JNI3IwrnhhaKJChgLenlYcuRSPFHNmhRloUEw3P3pzanfX,39e1ffc3-8733-4c8c-9814-fe65258801b0
T2,GG4nLHfgeg/0spmVTYid8kbSPJE5ntSqhIwa90zxDgR5YwX7m8kh4S3tDR9+Z7mzqyNLJ+NynXA7CIG/gLUZpfhnLnv9orXF,39e1ffc3-8733-4c8c-9814-fe65258801b0
T3,oFtRgvAP4FwT3kx3zK9xhmEen+gDAXuVdU90QfCXxHJKPaGzHOBYWHk30FHjhP5PbVsWbecIAqDDrxocU3MJFLlpUjJSzjix,39e1ffc3-8733-4c8c-9814-fe65258801b0
T4,TN5ugZa5I54BSFz2QjRYe92R4ISmABZBYYu/U93IuY9PyTO/UOmefT4ngNn5AvUdQPq5rfxDw0szdjIy9GByDbZ5QpB3OrfT,39e1ffc3-8733-4c8c-9814-fe65258801b0
T5,35XaMySB+qWkv26R2oYEigon28uO0Q59HBaQoodB6ui+RE5c1eJb0OQiPpny9oL1V4AM7ol0+VYaFRI/GWruqrvXxtGARRfZ,39e1ffc3-8733-4c8c-9814-fe65258801b0
T1,ESqFtxVQ6epAAow7kpfMGbHaNqgyDkHs1AHiB3ubQQg7e0LhTw4YxbjiODNHPpKh3VmMDc2RcwrnfKzzzZKVLa92253Mps2E,727b04dc-86f2-430c-8716-05902b0b161f
T2,Q+Dnmsqo6trNbUAGuyp1q/uSw26DYAFlwU1XIMx74AUYrTacwub5lxlTXe168QsirADx/S4Cr3OL0MSf5TpZLiCtV5UJAb3g,727b04dc-86f2-430c-8716-05902b0b161f
T3,c7P/MeVkSZnRUi3gpJGX9wpJDopGyGdV1ckOh3DDskuiY4KXsWV82x3/zhhv4qHDgpnKVjvHcvcKbyZraY0mvNd3gTXT3Rq/,727b04dc-86f2-430c-8716-05902b0b161f
T4,tK63mxfPKgSBCeSxuNJS3hqHXZkwoVYZ1MQUf/2yCeui6I5zzjRWFUW9iY4yADspvVZq2O7YI7xwnPk/H18/ipLORH9qsww1,727b04dc-86f2-430c-8716-05902b0b161f
T5,NY3FyGyzJCgYgCQvxsS9LpWlW26klsodes9bh2oRTpZ5OH7nni1ubHWkh2yk+qh/VAuh+pwCWAE2hVWr3lYsNDhfg1DeQDJ8,727b04dc-86f2-430c-8716-05902b0b161f
T1,Ts3kKUqc/ZRJl7hdaryByMAhHwZEcyeidUVBFUn2+5B1wjBUmXZM8owynNnIAl5n8Ln8ixqVLLCeNdHa77wtuQdalrb1BN9i,8afbf78f-1986-4936-8f06-f27fe706f4ca
T2,hhBdWs9y/8JOYxNThbp12g7ylzGUVC6+w7BU6GGloEqHzd71csx2SnO81LMx+gkc8+96J1XtXho+JRzFQMcJ5GnDd0knOYI4,8afbf78f-1986-4936-8f06-f27fe706f4ca
T3,UCNagWsdaU6FCq/MSSMnK4jMU2pVDXzYQ7d32az2LHD5axAvOWCJtQbUoHL/frGgulgj6Sl6stXCuT8OcRa2ptT4fEB7i8bF,8afbf78f-1986-4936-8f06-f27fe706f4ca
T4,LCuPBDPcZqrzZBgyATp/ojRPAu/6sbo6nkxQC9em0mUsBZB27kQ6nU6u5CLiqXQDlOFrXairXgFxNV5uYmY30KuJ576P9ecM,8afbf78f-1986-4936-8f06-f27fe706f4ca
T5,Y8bpuO7CoBYoIDurRUEuqk8xJh8xtzTdXMdaxA+Wj7Ump1i8FkTTarx8qPSwf+wyZ2OQiZL7nkxdoftqFIvL1+sU3f61DHJH,8afbf78f-1986-4936-8f06-f27fe706f4ca
T1,bEE+AD7cy5VdVZy48n1nSr88Tspc+vkcyAcQYbrF379+VtwdGRrqzZ/VO/AIDApeb7h9CJmYI6Mf2kzRp5yIGBE7t8ONyHef,8c5b2350-d8a3-468d-a743-2fd13c8b1d5d
T2,+5grBK8MtzKB4txWExABmq7g1kEKJ0slJc+M7ewexh9OTyjSOSnBC7jJhAjn8eHWEdUVBqrZ7KQeN9sMBqJTM9LN1q21LsX/,8c5b2350-d8a3-468d-a743-2fd13c8b1d5d
T3,YjrSVQfIUWikn27IqVpfcE0NDZ4UIWvzbhVq58IBzr56LXpw4IZKQdSOFuGQrznNhfHCKN9EiOzivI1C+MSSk29aLeblOX+F,8c5b2350-d8a3-468d-a743-2fd13c8b1d5d
T4,dPJIwB5/0AWQ3WDnxpJh8J5rqdJShMbXGh8rOP2aQR5J76ew4CTTrT/xL15CeWw1TLNh/kuL5lFdpkncQ+6EMPGSZrENTREK,8c5b2350-d8a3-468d-a743-2fd13c8b1d5d
T5,DF1ojaPK5Ki2QnurwXc5wXr8HJj8yROPsTaG+2fycuJ9sXu6xKk+/4XcU4FHhGgKbQTdC6ce3lJ/UYSDHuB0LNs7fpGOyVgX,8c5b2350-d8a3-468d-a743-2fd13c8b1d5d
T1,yxU6QV8O6WO/jyiG3oQNmSpSpBHKEbbtnuzmqLnJ4s8Efad3xsgKwfH7Cyr5i4hLvzOo6Xo5FCRTcjpwMTpxFQaGy67+j1o1,4dbf4aa6-d2b1-40b2-a476-d691b829f748
T2,oOP9Ds7yQIoanrj6N+jIWQm1cbMgjlEdlnown6svN35F9FIxewMBeKFS0a2/wF5jK3o9spbO850IqSPEo4M60JE3rRIu5gUu,4dbf4aa6-d2b1-40b2-a476-d691b829f748
T3,7c0qGwSnkbttcIETSFBPEUL7jRxzm1KK38PAaoydHyQeDHY6Mem5i2c+rZLxFrvLhn6H16XgTTlJzpzYsQBM6UjBDN2P12gt,4dbf4aa6-d2b1-40b2-a476-d691b829f748
T4,otqAM+i1aRxyebTqDHwYMtvupug7mK+KBqz5ihcJDhSw/RkUyjMxi1e49X5MbqppocFMlCHf6rKDj5BP/OOEbTT3zBUGQP70,4dbf4aa6-d2b1-40b2-a476-d691b829f748
T5,qMEYnF4nxNNabMt4QopmpyyOC+yIU/moZN6T/Oaj7XrnhTShsSeFwmhAL4UnxO0tPlBPen5XkeS+S31oxkI5JlnLufL0mpGK,4dbf4aa6-d2b1-40b2-a476-d691b829f748
T1,LtGLUsA1AlwcIioGHDEROGK/3md8Np1t25all494ijliu8rrPNNzxw5enhQxCrQIkIahU5FE/5YmL32oNxB+5zsvNUbRb2Fu,7bb1fb32-2258-45d8-9d28-7e7afce0c68e
T2,9MwF8Kt9NkCN8gr3EaJi4EqAIYrc/8fuvl5FB2LDsflPAetyhF6K8cQO6Okg5PKTqBHKf6QJy5U9/9ysghKwlVBXL2QREe9j,7bb1fb32-2258-45d8-9d28-7e7afce0c68e
T3,vfAq34SvGhyzbKUGCGzeGBETHW7S6W7n119DbQmdiU2Ic8T0IErdgRU970g1xV186bZkRvRvUal+B9/PRny3E1uT55J2HCu3,7bb1fb32-2258-45d8-9d28-7e7afce0c68e
T4,7fuR0jGj886U4vOiXZHQrFNyqM8DUJTTo9h1SgRrLhK+ez7uCnTRDaM/TGBAcktUenMAl97RU8K4K215wMe/SUqJhUpNk99Y,7bb1fb32-2258-45d8-9d28-7e7afce0c68e
T5,QiK3PmAT+ZMOc3lNdCJlvyJDYcMxnj2YqyKaZmgBdWrBTiv5jULEPrhIi7qOVk4KAfYypvOc32ovy1TbEc18SWkJiWVwMOXP,7bb1fb32-2258-45d8-9d28-7e7afce0c68e
T1,Ggo6IfIOoCiVw7H9Vl/PfGzlFJXBkPOF1yaPhMJixpaUAya/RAHi5/s1ovzapTDzGiBT2itVmIMY18aLh0weyC+3ldPjL1sy,36f26055-343e-4218-a269-98861b8f7a9d
T2,DtxaLN6AU5oOyV3btJblETVrpygC32/E0X3bNLiD3u5g8oIDSkr614tVcSjyD67zH/ztRNTRALtA2lvHfbbRe1tn5jPnmUMl,36f26055-343e-4218-a269-98861b8f7a9d
T3,Zt8Lz0O24Lc1nolRDOKDR/EwsL86DXr/+Zi+STHf7+1405esiAALXkEuVbEn9hTqy52jTvx0GjUjAY3xsK3UtCG6nfUcUN+m,36f26055-343e-4218-a269-98861b8f7a9d
T4,1bmSx/3jo7JCLFZrHYzEHMQ0XY5OXWDcg/8C1QiveqKGxbEWvN61vDU36+0wADbzcNKBLfDz675xExfi7rNDVcjnnH/fMbM3,36f26055-343e-4218-a269-98861b8f7a9d
T5,KsFAcnS/UR4TR0owbz4bFecn3Ho1cFplckRX8TOQfianZOJS+e7bAQc9Ticp99VJG9QMvppw6CO1lK1JHwlkDAq7OjckJE2V,36f26055-343e-4218-a269-98861b8f7a9d
T1,/d0lIRYiXEmdNvcpN2YXD3ZJtVUux/TgDozh1et+WZ2WiLwJnLnFQPOyN79GBBv2jPzl/bkKkhfGKaRbakwssHDfdjKOyy1z,dee9e1e4-acc7-4fa7-a451-674122af5f9c
T2,nfGFsN12CWfBc+r1zMUkffXPw3s4MWBVlC+1Zf4xX9n0CUXKng8RN+jruqMcOjhyuZOKVui/do1txhzya/hVoy8e9RxLK7sC,dee9e1e4-acc7-4fa7-a451-674122af5f9c
T3,8GAoFbfHFrYNuSRIfbmBDvTIYeGVLr/O2rRChwhXEkLHiASzh9RDlZo/FEFRdwikw3vqNmD2/4uDn5zUfWlg1xUqAzfrrY1H,dee9e1e4-acc7-4fa7-a451-674122af5f9c
T4,7O1u0JpYvZEHtyzYpAvfwpl6RdoBblO9H3MhEEzsp3w8P5ajQIHen6QRkKlLh2eLQynbjbddR4jrSzlO/m8NmPKPFPv0cvjs,dee9e1e4-acc7-4fa7-a451-674122af5f9c
T5,6y9UixdmgsbW7dXbdu3g7f8Y8P3L9EQURKjz7qtlapWiaR2cj+oNJIr7ISDjICXGQ6iwRnLPxSUc+dv08uQmWm0+4cUos4YS,dee9e1e4-acc7-4fa7-a451-674122af5f9c
T1,K3oTPqbYvqQbR1Uzx5ZZOYWPvX1HQ9MANSssuYpXdqUvxEIemkONPe4MKiZ9QyY2Ud0UQH/GnTVDcL3TwEii/a/I873bzaeU,a989492c-45fe-42ad-81f2-30bd3b2f64cc
T2,qLMqI/c/Z83xYhV4l+RtxjJxt0LTcRNa/tb2XG9XVUdkIeV7hGVqfh4tCN6jHSLDKQejPbn6Aq7nDPZz3ttm8H25nGX5saGc,a989492c-45fe-42ad-81f2-30bd3b2f64cc
T3,8ottEyRGwWM1UWlUAxavHySPMOCx7PFo+FOGT/2SyRB34/Oz85SCUdhbshUsKrop5ABsvQfPORjkpj6lq9kWMg7rFhWzrmxc,a989492c-45fe-42ad-81f2-30bd3b2f64cc
T4,4lwK2lwEEtHxFyJJidAZK1hWYhrifUYlfydGHLiq5cYC2SKW0VtxVkOFlpk6yVSYsSTmycPZYziUTAXWS+fvMI9PeFdCxj7W,a989492c-45fe-42ad-81f2-30bd3b2f64cc
T5,m538aHTBa7uu7smqscEjsS91iRarSPlXwDwEzpwTTw3bJ8vRAMFQDy0AOIehzRit2ClOETzGKb15vHuO8/zEop7l8k8tG61I,a989492c-45fe-42ad-81f2-30bd3b2f64cc
T1,TnfKo6H0BV3ZEfdaHpbVh3BH2sRytu4mQ8kugHS3n1haztGQh2kfvjzxRQ/PYf/munRUcaQ3LCfzgdaV7ZwMwaVssBm1hNR+,831ed6fc-d12c-4ace-bc90-d458f8608ec0
T2,mqFrcJ7djn7ThIQngzlhCkPCg8iekHS6zptBLJIqdiQnDkWYuyxnymVi/ykH70pXPi0pFg9wgJTQ2cViM9oYM4HRFmVGR1tW,831ed6fc-d12c-4ace-bc90-d458f8608ec0
T3,4KZJekQ7XzdJEN7TF0teypd1u7CqT+bCWXKpVlQBS/VEHvQ18X4Nd/9BQVOW0uFtrJGhVUhjnCHKJgm/+0h2pdfGXpzHjvaS,831ed6fc-d12c-4ace-bc90-d458f8608ec0
T4,XoHTtl+RMa4/lIqphH3sINDqlo9WqpjB2UHXemwzO3Ns6n15SVPI+cLt+o/gcJKV6DCAr5Qrumd6ZhSxJ8IP69IwaxmBsFur,831ed6fc-d12c-4ace-bc90-d458f8608ec0
T5,c5Mp0HN1QIMooqoPRLMEUo783DgvxUWlE3PGFHOdDKUwrAOFTqSu5Ho036gqZhd+x/mjCX2JEqkFfOND6/hF+/e/UOZJzoCQ,831ed6fc-d12c-4ace-bc90-d458f8608ec0
T1,N/NIcUa7pMOYgsCvpfj3uGi2M24jzlPaGQb1qdSHY+XSCWH5yMGSHjswlXTa6pcAre9ucMNI5sE2Mvw3yS3MC6SP+raH/ehr,3f503b13-4a6d-44d9-8af8-0118a45acad5
T2,1hOU85BgSAMN0LiLxG9kGcZbj3/kXUeTHClZH25wNcPyGy/6j/3WEl/is7KI9+s9gYp6zo5UNgefxzBAZmWIM4uoWLyMkX1I,3f503b13-4a6d-44d9-8af8-0118a45acad5
T3,f6FaPWuG1MTxF0mUqq98LR2cSmzp9cx3KUgNBYutDBvNqtlS1vhqCPgTNU0SyjLUU5VIkPzUY4YPnsLtRJxbUFjZDUz5g7pr,3f503b13-4a6d-44d9-8af8-0118a45acad5
T4,+ND5lUq0jAdB3tBUHy/7lmdI+RofaRHECkynhz5k2+NQHF5BTLfdcd7SoYtPC/oWZZKaP9LJj8f5/l8mQd3gqlw+7FvVpdFl,3f503b13-4a6d-44d9-8af8-0118a45acad5
T5,MHeLH8GwHFpXoEVsTwcIeUmoM41s71X4uAgTXB7ezacMi7k/rjQAzco1zxa2wolFeUlrYHN4zDS8To4V1+15VyqI/vv7gdx3,3f503b13-4a6d-44d9-8af8-0118a45acad5
T1,eHuBsktPizlbbeBYfNyk7I8lEe5Nogydni+rF3P3OFxNh5qDPVW2ucbJRnF+ohkrGXMCynJe/wWbOwQ22LtZf7+xzYV1lI3I,7fb2d54c-adb8-4122-9f33-133e9b3728d8
T2,Lgk6QttAjpF63ivcz2RgJ5e21klS8dU6eJbaan9o2muk0N5l8TLETjnsaXkz0eD1ULYaKpkjIcvmOnUb7a6VhoTc68Rrfm5e,7fb2d54c-adb8-4122-9f33-133e9b3728d8
T3,sMWjLySwDpSARCj+yHvicBDqOb+wNroXVnMPxdR/7FWCrL49//Dil8y/NI5vZd7uwxpa9mqBJeaVhWbcwWQG2chv+aUCkyir,7fb2d54c-adb8-4122-9f33-133e9b3728d8
T4,rY1D4rZvbJGQsULRG86Hofo+bEitclMOI/ZrDXswG8ywbXw5f2APzyZK+hpKHUzp6DrA86+2m1LNRjAEbgA85Ot1K+fAhg8y,7fb2d54c-adb8-4122-9f33-133e9b3728d8
T5,8KQIwbhYs2edgL7SxhSwHO2iyXpyIKf9PJvgnne+r/P7L66+XvoIBGFfW8t2X8gjUoGVUyQMjJ9/oQlqZ+EveQFCTRGr/h/6,7fb2d54c-adb8-4122-9f33-133e9b3728d8
T1,6D0CHGhq5L2Y7l/l0sTmHmtY4Sv8pOHAUHGa7t5Nvsq/LNMaKl5yUZSVkU0oF1KL9KndOqRjpiBb7rPnkY/soZYGaqyS49Or,13801235-285c-4ba4-be31-c2c03fe3c6b0
T2,p96gmsCL03np6E8fgx737cmltBCxCjfqL9zyBLYuCgLBhEvrmh/QR43nTWmhveI9cADNrPx2TjM5J/+eX4+GdI5GWMdKzHjY,13801235-285c-4ba4-be31-c2c03fe3c6b0
T3,QqVh7oslRh02jkB/QxNnQK4sFu0/gHHZHxz+bi9uXZh4MoqQLFJodKTxg7hbC9WZ4Cz8m+iBFQADFlqJY4ikGQpJy+Xua+5O,13801235-285c-4ba4-be31-c2c03fe3c6b0
T4,LTSxQNdZO3tuAgqFuMtUInmcZrebzmOpirmkzm7+EOeUpy9qL98rj55VCTeaMKvaxUQ/3/hJcUyHB/M9bCU4wcYnoHmGqlry,13801235-285c-4ba4-be31-c2c03fe3c6b0
T5,wiJuN3KYusG6uCSKQf6dvkCYva60qu4+MbaK/IrPCZk0qHX1dTYVNihdtgSWwLKWNLV8af5GFPb2jy7Uq4jUFEYSCsZtmjZa,13801235-285c-4ba4-be31-c2c03fe3c6b0
T1,MZ26O/rnLLy0CUZ1OtXqpM7LvhZqSZzXiKmfEv0Imd9BO3d5LyAzvJmanLwZSyKMiXu3j098gM5LQCtTqCKbEGkuvbNnZZip,1e267fa0-faf4-444e-b709-9a58efff9a20
T2,ArRAGrz3xhCRY/uNtlg2RbLFbBkz2RCMZbA/yfBDzVTCb5hmsb1QMs8twPY0C6Qo2T5hR+3ab2tOxTT/AjCblsGPdNmSm38J,1e267fa0-faf4-444e-b709-9a58efff9a20
T3,L5Jikb9jg6cmTi1/5FUoMI1qcFerhnhZmHKGbOVwGIV4tUPcElu52fyY0kx7TiEzrJ2mKt2wsgwkAsGvxfj+oSwjG7lzqs2x,1e267fa0-faf4-444e-b709-9a58efff9a20
T4,0xsvR5EuU/PI1uzwTl1C5w7IBdRyPAjeQOUz4Tz16nHDIsIARUgk8K1/Xa7NR9RE6u6u2ar825jARv7OnB/OTQ7wj1NOZx/B,1e267fa0-faf4-444e-b709-9a58efff9a20
T5,P3hAxiM+T2Fyt4CzuFhxpu3kQMz10GkNgtKwX3vqs3lAo+SaMfja/59FKgWKG3d0Bk5ykegOtpFFTCvAy/pr4irxj2UkKjSk,1e267fa0-faf4-444e-b709-9a58efff9a20
T1,CXD5qSW2xYXt9EcFaAKdklznK7jNHktU86mst+VYyxL7ZBAJFUvNQXdLZWaTdsxSKxCj9cJCI897WXsz4mkCqegKTn7q2eFg,93cdca36-984b-4d71-956a-fe89b1f301c1
T2,/hjBMuh7iyQpPQ+Bx3oJTt9pKgYpj/V9y+sgVni+4506b9Z4HCMsrrZk8ozp8qf8TdJPfeNaoWQwU0wJFLt3DYTSqq+pviyR,93cdca36-984b-4d71-956a-fe89b1f301c1
T3,z3WlMtR+0M4omc9ey0m1gTz9D7X1O4WRskDJNlos6qLXcTRCZr2iBp3Xf2UHqyLgTtzrWaAanPreBSFGuHKn4rP+DQCmOWHt,93cdca36-984b-4d71-956a-fe89b1f301c1
T4,ToJVASYDkm02/5puinj/z+s66MqIk+7ByvJl5nfDHhyoQYE6LWAKyXw74Rf+ccKiLEtPOWG8Z3EUPKkGSOz7U4BOTUmRYlSw,93cdca36-984b-4d71-956a-fe89b1f301c1
T5,qRIJh1M/0tQBKZS0AfA6Ho+lOTriIIjiqriZg72Q66MJibM8yCAN2PrKD6zFxlgfspu5FeDd8k4i20QLB0KZMjZm0GfbHAKI,93cdca36-984b-4d71-956a-fe89b1f301c1
T1,a4Cod8W7vfIeEZ8o1lbvl6nJJAwweR6NmU5sFN1anSoawarZHBRmqxHYGkf8DNXmdBMQMQo1QvFd03JOpht+6UOt6vBSWT2W,950139fe-d447-4ddd-a142-1a3e55f0d23d
T2,rbQDLlohfOggSEQAfic/q6kHRvih1LAeUaAAv/R0TAcltUurEf/nRlrxFQnML7dn9Z3HlooQkdMO5WbeSHIedjgQc4Sks6jy,950139fe-d447-4ddd-a142-1a3e55f0d23d
T3,2V4y8XXKjqwpUIU49YC7wz0b1qoYUZxmKk4zqUH5uzI5jLw/yfyhFBf0dGCZ/8Ol6nPqapABaFKQLGHVxQNNDVO9UYeu3mZi,950139fe-d447-4ddd-a142-1a3e55f0d23d
T4,0000000000000000000000000000000000000000000000000000000000000000,950139fe-d447-4ddd-a142-1a3e55f0d23d
T5,rvxljh1iQDFre5aZyMOvbCT06K7TP3lR/bikoaQLsAB/aqH+R/WSb3AFB64DCa01RIoOINcMUrCjgSiqt1I/oUiH9RORivXd,950139fe-d447-4ddd-a142-1a3e55f0d23d
T1,BQj8IS5tBgtfoTGUN4XzauCweyjAs7nIeKeNQye7ncAAAQiD7TZCIQ4NpKy8paUxRByKJGCCETDOc5/1Ge7dIDUcLWzXK+ee,f4785849-33aa-4aef-8020-bf8acf4e4ba8
T2,Fa/Y+t1h3bqQeJhC/L+8duJfFCtSKvosTbpBe6QHIWT3ySejiI4b0dHvEsjO/m27fQTTlcPmZALAbL/eShcEjKsOZJWjeU03,f4785849-33aa-4aef-8020-bf8acf4e4ba8
T3,FEUY57wdQtmsIxzWdy9E3GU1wiCGUw12CyO12JMbBx4IbDRuPi3Cy9KMh2eOSz+QUovEZPom3XeKYo+GSM7Vc9JW++T2tKy3,f4785849-33aa-4aef-8020-bf8acf4e4ba8
T4,db/Nh/WIwHo6zJ254guuVFpcS8LsWiNgL2SNkj1KzkS/Ke/JA1Za+Cu8J+3GBnnfonyYktreFuWzwEdSv7bwbdLmajTBeuu6,f4785849-33aa-4aef-8020-bf8acf4e4ba8
T5,8/jJ1QeCLvLuD9MwLv/k95Ech4Zz2q94Xefktv2C7Wc3mY5CPYaqwStkvslnoMASWqKwcj3vnTScMCpDQyOzIybCV1zx9Bl8,f4785849-33aa-4aef-8020-bf8acf4e4ba8
T1,xlYswlT2DAZ1J5Uyhua690iQ7e4pJekBbYV+1yI0/8nKYoa0QzTeUuV+TsOrPvix5mfIc9T05txv4G+ToXCsncmoXDMYvPPY,5422af34-930e-4773-98bc-9f2e105332f4
T2,yYH8qv12QETHIm77kQHk/jrR/vKAgtaCVng2ZHhdTbm17hEoJyyu0OO2WHCeiBlAZOh2s+uoNR7nk3hKPGa5ZRYzrYLYvYTQ,5422af34-930e-4773-98bc-9f2e105332f4
T3,JokOYJFzBuNqWlemgzhJV/0BTmplv17saBJ0KXtTGPJS5JrZCuSX4bhYWKHzPt8wMNXjnNdW8Cb24ZVn+4w4Qvkcg2ZRnbKY,5422af34-930e-4773-98bc-9f2e105332f4
T4,zJcYOh3sQiyqlBmX7VrxhULq04g5Lqzjyk4np9vAVJfEWtPXcNvr+ES/EmTNK70hWtmMAnE52ZoDNId5rihyNTGEo9NRL5tM,5422af34-930e-4773-98bc-9f2e105332f4
T5,pKMDZOt6OgasvfPrJov/aUBRyAhJUBu26NOFLydqv99BT9/+33J35PyjIDgdTnSEMk5fRMV/PTkvWCuw84+JvxeRzR383rsx,5422af34-930e-4773-98bc-9f2e105332f4
T1,gjPcRVKTjwTCHZy4AwF+zkZPT/O2Sn/6gf4W+4jr3APJglg2HpEsqW9P3+sRttKpHrzN+EUTex6Tge78rXlGZ7UsGGCyOuY9,6c41c68e-0230-44cb-8a4b-f7c8d7752416
T2,UUwzhkVPkAoa+dKPpFjnPNs8HxSD8mAAiX6RE/dlDqNQx5XCTqdG9ipaFDCspGljNrAFOr/CYrciriUd9813h5zbNQPHOd30,6c41c68e-0230-44cb-8a4b-f7c8d7752416
T3,E7P5VkSBfCwK//QKxKsrJHJBsj7y4YvggtS7mKL2MYauwNuRhl+95vDyIK2B9ynixVRw+1j3VJiDNrzZ4iq4r0ymV/6yZCSr,6c41c68e-0230-44cb-8a4b-f7c8d7752416
T4,jArDKGtADyOrnmyJqPGx3jNMJa5uBDQhGmzqHxEZ45zdGMgRilzhq2pvRkQwnjau3YRlJFCh1BNgSQhtf7KgJiCKlO3Z31NX,6c41c68e-0230-44cb-8a4b-f7c8d7752416
T5,ztpqIzRpw0FqBwpkkmIABpZeq50ZXExf7bYEZFhWnERfUYNdE4YRhgprUYtc/Yq4qxuARTqdzXlyCBjQOSqhfw6TfIISidK6,6c41c68e-0230-44cb-8a4b-f7c8d7752416
T1,3x1fhBqc4ByTMYQq+iKTpdw3dHD9Zmlbi9h9y58JK2k2ixpLEyzsCKEgZ4k3ydpUe1RpHzB/wWszFCA+3AfVrMD67pVW1bFT,2f829479-63b1-4f87-8a48-7a97e03885f8
T2,5J7ko2tJYOmPOYU8/fsmfKf4XkQNfvRZgPjhfd6uph9BQzRgzO+yjQKWdh+rdCRbqDb5zTexLiUbhlTPrXNloF3yw0QVWC4q,2f829479-63b1-4f87-8a48-7a97e03885f8
T3,FPNjKVz8jzjp3VrA5XbS9GTDHOCULqRfgcp68JxQkoRglteL/OP4Iy1cWWfCwg9ouFClS+TJn8/rutQYcb82bBNZZyGLm0tT,2f829479-63b1-4f87-8a48-7a97e03885f8
T4,3XB9LHqJ7zE1N8XVULszbXLWzBA+0L7zDIADOvD1sNAe08/vd3Dj0MV+HSaxApaogaQvjFCfsRcMXwjqZSrbeRJSRHcHhVec,2f829479-63b1-4f87-8a48-7a97e03885f8
T5,20pkyEiKgSDDXmiSW13zGfC9C88uds+ZNx07ye7dPzAVJpIcDwlrzu8YEeyEKIwl9Uj7DOLWOJ5lbh2Ciuk/6rZO7pJyPNqI,2f829479-63b1-4f87-8a48-7a97e03885f8
T1,9vKm+JsYQtvRSyl+7VB/6+9VZo9UKNr2ARzFlGxmnt+POieIM4+U/leU5vYuuqATgwu72df9ZtoEHGWrk0enhQRoOgMTHpZa,3f324369-9df0-4376-8ba1-a8396d63867e
T2,IYgWqkv5YwVWewr82Pqm3TnJSW5e5YFE8MIoyQY70GboXR2/z7y1Aam7ykvQbwXNx7ChbRRPeDDke49laiVBQlZ8GtgJDFn9,3f324369-9df0-4376-8ba1-a8396d63867e
T3,FmpNgPjviEGTuxHZr5w75aU+9HjZljfB0rFxWDUhZKQwCoAmBnvo+jwokoseawWhJeGhZxlmKOxBRAvTjXHrr3ylHlqKTYwJ,3f324369-9df0-4376-8ba1-a8396d63867e
T4,+chXXfNIcxQh5ctSsnPi2aR8xn9LRctX484q09pbQpktpcva/lNFoQewXt9WyOYI+DftzupV5fh2e/sW1wxnq5yIcXVZFNkW,3f324369-9df0-4376-8ba1-a8396d63867e
T5,l/fGAn86rfzcvHrw7/iP5jBljWNDWlD/zZNkY7FYMMzooq42xyPt3AIRYCKMk8KVZBiVbWqfBPZIXGOQ4amy9ShKE1SrNwpP,3f324369-9df0-4376-8ba1-a8396d63867e
T1,PMrBtd3kkEgLqCrrsfWZmJnd2scf++Q0saKkJwux7JwdPAyrQqeBapZMhPF4v/Fic023dBzARFIt7DRKvm55Uy/WmRth/ET8,71d65140-9e6d-4d56-9263-91aa7814c3ed
T2,RBpCy6HAgugOPXYD0jS5RWfjgUd5bcyNI/5j9BKCtR7hLup/CM8cgrlruk7t4sLDm5TKlOeebEKdICKTBeths/9Guu5nIRFR,71d65140-9e6d-4d56-9263-91aa7814c3ed
T3,8E2lNP80WX+iCHHDjXbzhESn5tgXNb/DKkJX+u5/VoRfULcKF9eDvCeg35USTEMWxaOj8bKHM2je3Uvg9Y15M0lVRDSwEAXr,71d65140-9e6d-4d56-9263-91aa7814c3ed
T4,iF5gLs8CFD7vR1hQr45UF+9ma39lysa6NKtSL74dwR1bHeMkg9P7DIqdII7nWl7i2zO0LxDDrmb6zeSgPkz+iF47Cx/aOaN3,71d65140-9e6d-4d56-9263-91aa7814c3ed
T5,hhSMW6GF+TF2CcAYhm8WzCeXCT4PSmVbsUi53FdnuMcY7S2WT4mNAyAXwYRAhGAD6GWkPyid9hLS5QAFt+Zk9P5fgdrR0V+Z,71d65140-9e6d-4d56-9263-91aa7814c3ed
T1,0000000000000000000000000000000000000000000000000000000000000000,8c0a388e-61e2-43e6-a255-f7956f6cac47
T2,0000000000000000000000000000000000000000000000000000000000000000,8c0a388e-61e2-43e6-a255-f7956f6cac47
T3,0000000000000000000000000000000000000000000000000000000000000000,8c0a388e-61e2-43e6-a255-f7956f6cac47
T4,0000000000000000000000000000000000000000000000000000000000000000,8c0a388e-61e2-43e6-a255-f7956f6cac47
T5,3ijSagsytjmJpOa6MFcziFxnjya/Ssdp7l3ghUsDe7uPexC4Lcj2XpmADBA6O4QT9wOXVlq87dOg4zMGE+P2BJ47hTtNRIoq,8c0a388e-61e2-43e6-a255-f7956f6cac47
T1,8ybeUjbqw0bY7iexXAZhvOQpVmLL28I2d7/SXSScPumRAFuip7lc7J4zQXjbHSirD/tJ22jSjICZOtqJteDcKemGUD3lf4AK,ca1234e5-f678-9abc-def0-123456789012
T2,0000000000000000000000000000000000000000000000000000000000000000,ca1234e5-f678-9abc-def0-123456789012
T3,aHYwPPGNOWG97+auEMRmhXhY4IbekKcAMvivgP9IadN48b9JBySDGAX5eokpoeUQ3awQqAqWnoAhcC2k2mmKuGVAYm8g2gnM,ca1234e5-f678-9abc-def0-123456789012
T4,0000000000000000000000000000000000000000000000000000000000000000,ca1234e5-f678-9abc-def0-123456789012
T5,1z63XCXI5YYmpDU0q8gno1OxrpuWVzmmolYCx0TQxIsfu88YQn9yGbDyZMoURVcSuuou8piIznl+mdcmQLxnfNgQj2NuPBBg,ca1234e5-f678-9abc-def0-123456789012
T1,e/dFWScGdQrL6PBDPgH+R0PNqlB+bW1LyP7lVGasCT/9d2joBi/xm8TsU8p9LY9IuRwBmg35sRQGVp5DVtP8B3l8++sXa0eP,ca2345e6-f789-0bcd-ef12-345678901234
T2,N8DKeAdBf610WxOoQjPzPniXa98f9VP43ZcplRf218dOcAm1/7xey9Oz5+x2DB3L+MnsRLuikdUDw5q6FvQ5fa1y96G2LSEe,ca2345e6-f789-0bcd-ef12-345678901234
T3,EmFc7dDIm4FM+Z5Xmjvid98Nw+M5hIh6lkBLaVXy/UzcnOcsF+aBq3V8TzK55CFTAezOAnQCUHln4FR3iHE3J7be/JlypzzT,ca2345e6-f789-0bcd-ef12-345678901234
T4,TWLcKfvY7sbFx3bPpDrG2ZlfooMQQHFzTVgTYhjE8TrBC0Sx0awfecfB7CTM+irY1TZe85J3YpbYtmd6SXFONI4baTE6anan,ca2345e6-f789-0bcd-ef12-345678901234
T5,8fFO+z6dMoakFg4fVU/dbFEaj/brPLIsRa2G6UjFvhe0Y76V67K8cY0BVFgwsCwkLrJssiTLuS2j/bXSH3ZWfUz5jaQ7Gmwo,ca2345e6-f789-0bcd-ef12-345678901234
T1,3Mkl2OIuUzdFKDw8l+f1ce6YFtibjMU1eZZpPoCF089vTSC9wFetjudhO/iB+/1i2TcV3fI1AV0glHLvzgnBrs6QJqxbD/5k,ca3456e7-f890-1cde-f234-567890123456
T2,LwYloP42ToPrPM+X37rzfQ6K0iKoY+9keRFor/jtoJ5yWAXZgbzfCPqtmQy221A5MGnQTPpjXQ5n6IH+dmgA8kFAfcQmde+h,ca3456e7-f890-1cde-f234-567890123456
T3,Yxzx4iaMJFyyJSoqc0AD6CBVlUG1IWgdyUVVC6YOstQTNs4WCmKN5kldVUikR17eG9lNSvCDjxVZRIBlljEO6N+sWUHpsy47,ca3456e7-f890-1cde-f234-567890123456
T4,Iq4oBbuedMV3maCXw3Hk8KZZGQbVyIuowSt5zCn2v9CKPnVOmgJjkdRjjHlDjmbrVUvCtV2RPV51XpHAnqb5OWvLn9tGSmlf,ca3456e7-f890-1cde-f234-567890123456
T5,jQGThiaxHg3gfj/RzRxicWXWw5QYrnbdt+F3pgCr8j4y2h78WbDcoZiAWnAFbDh3rWBLUHIerzedu7z18n12m57eEusmzcxa,ca3456e7-f890-1cde-f234-567890123456
T1,Mrcvs53/BsKUM1UOL90vcaFDuU+fsuwlvB9xiDNbRG/E/8oHqinq/Gb2eB4sOSv4fWufBF6LeYZwnKTuSQ28gpbarIHhR7c0,ca4567e8-f901-2def-3456-789012345678
T2,5bQcV+UOjVodePPY3/xWa/NGPtwcPae16tA0BP4PY/9EHAs5wYFRtthU3dgvTg6DF9RDRWg2s55d7ZxovixFuis8nZ7rbdo/,ca4567e8-f901-2def-3456-789012345678
T3,OOL6pWH3f+3se6G1qkytF6dQOfPBDl1PfbhP9eLcAqCtg1MvfjQilZgUsF4ygCQ65P3/r+jcrtylvBEFJ59/40yBldJ3yjlI,ca4567e8-f901-2def-3456-789012345678
T4,63LZzJkov3tujuUREKNGW765qTpuAktHTPRjhCmJpLb7zYnPU/5oMIZAeEhlQQv2Td+xzz4bczr3Hzya+FQSKwg2Fj/tW8F3,ca4567e8-f901-2def-3456-789012345678
T5,JG4Ikhjzy9+YQPC7wNfT1IP+T1JJjATmzZ7QpDKvJgLQHTyYkaWia7IJoAn3jHPJ9gwTgNNsxf5gZXXkVkWjq+Q6dkiWd9DL,ca4567e8-f901-2def-3456-789012345678
