RecordId,RuleId,Token
b5ac8e01-326f-491a-9ca8-8cdff854fd54,T4,0LKYz3pZiyL6Ll82WLBX0koVNQiYh8CmabImss51KcnY0eH5VoZDUbxivKo5HigMNWN6yQAZb8Z5KGmaTiI9ZxXtKBzdn7Ol
b5ac8e01-326f-491a-9ca8-8cdff854fd54,T5,A6mGLD4ge4nh8bK95TOCjZhHotk5EyPX6dyDXG9DMo3D98mHf4PcJM42a81tnrOgUPxMzonQdZYyfMWex9Bne8wyeQkmwOw8
b5ac8e01-326f-491a-9ca8-8cdff854fd54,T3,PrP3mzlPyZPB0xumSQFuYla5oWwxTY3O0ObIXgWk22kaQ1JKibhZuPbpKsMB5YZURrpMhBs/CUIgJygRu9xkR91m+NExj6Qp
b5ac8e01-326f-491a-9ca8-8cdff854fd54,T1,SKB67RPGKVJ+Q+8RmT7YPQXSU7KKxb537loX1ShaE81pCxOTasvXlK7CiiaB7ZoUOMzZkIUo56vFUMjjTVQAEemCI1jY2BpB
b5ac8e01-326f-491a-9ca8-8cdff854fd54,T2,r+JrnxmRYcsX86Md5P4FhxN9Gb5BkzZxVh/zdS8tJpyhMrcoUMlJr1CvAsCcN/g/Bwbad91yIxSlBSqsBYGxqMZtk+JclKJo
4f051ca0-09e4-4a01-b355-38253574614b,T4,Cbkz3aDr2vt4tcyXes6HtmeQWpK6ZgsgRGpdEgnC7koLOMxit4XrXbHB2zd0JjtAgnI+tWy1dwngc1xo3rfDXIsZbUNLOFQ7
4f051ca0-09e4-4a01-b355-38253574614b,T5,7HS55XVAtkrypj+VgEIdDz7dHR8GZhraksMdHp0bdx3e34PzjXD1DXWI/c7uXKikcFk2YWVPq/RpNE0AzF0a2dY0sA/+HtPL
4f051ca0-09e4-4a01-b355-38253574614b,T3,/77GIrpTV2Zn4YH6jwMBNrHsImsCCloSq9oWW4Q80zwlS0tLNgcT8XMjY+9MBIj2JMgKxVDNbBMeXdJK1S29DzzbDztEXYAf
4f051ca0-09e4-4a01-b355-38253574614b,T1,ZB7DWXtXK7IulGD3l2olBu/WFNxpmdfRx7Jm1hj+NgqQrDowwilfj4wSBLu+9wU+k5Xqq6lekTiQt2OhOHDoc8NDZIgyG29S
4f051ca0-09e4-4a01-b355-38253574614b,T2,JzC/lpwb7lTRM/gCu3+3/GJP/JZM0QItBMqyGSBd30tTZZYEYjPtWdJ55vSzsJsUg/Cf9c4y3dq8lr6/7DYT+RPdYxIiFRLT
19cbf5d4-cef0-4ec7-8d80-30f7331b0953,T4,G7BPBcRFmUaA81ps0aZhvW5xA9i7H/wUgJeu+wRr+gaOaALs9A8dqAqcwL6TK3rJiVhMs/aSl9v0OnvII5R2Q/96rSaKOhBC
19cbf5d4-cef0-4ec7-8d80-30f7331b0953,T5,JeTpx4yTbI7ZVENsyLNeawK6vpW3W6aRpJiDBu3Hx1Fi5PBWzSw7NNUylVxStijjgWJROXN1BJ6uYpIvxhujzj1mbLplii15
19cbf5d4-cef0-4ec7-8d80-30f7331b0953,T3,la7fv3ub1s84fJZ+q8nJtuPgrvigzL3ouZd4zW971TEqCcUk730vrF+Px2Q7vxoKCSAXtpgekNMdN5/ICsUNjz9Qjg/DRS8k
19cbf5d4-cef0-4ec7-8d80-30f7331b0953,T1,dpXgKsZqnqxIDIENzqe6zdsU/KcwiifL1fPNIJ8ng2LahXL8R1qi7XnOKBC1idJnzpwGBFcqi5X+7IdXsQgEB7Wa9plFJ9ub
19cbf5d4-cef0-4ec7-8d80-30f7331b0953,T2,QVp4IZb45E020OVnmvpRt0wdkGqUwJFbBds4Owr1PeoeGJFTu4WWan6V52g+I6aFJFjIhMpmh8BLnKnzV+gZog/gpH8OhwHK
ddb04ce0-1773-4c1e-852b-e6b8bcfd7ac9,T4,L36N8t0v4dmHlF7UTzFXjoW34Nfe7XOuv3nLgpwrWrakhHNmGb+5aGvrmXmmuOgD1QL7eBm3S0n6UWzGRQg4zfGtskaBHlZn
ddb04ce0-1773-4c1e-852b-e6b8bcfd7ac9,T5,hYEBeiLP8UmLyjRdlkoeNExwySkJPh8J8LQAjvwxyYfDDIeJgrJ21PmBh/IGLL+6PJF3jGT9GppqduGQbhdYaGGKvN+wL5dD
ddb04ce0-1773-4c1e-852b-e6b8bcfd7ac9,T3,F/86dLaJv6xSEy67P37xmOmU0OpA7uXFG0PVRKEDQj7zhyxYLc49IFAVQOCTtPAyf1Afru/sCfcDs2CtmsyZnpi1ddckY0yr
ddb04ce0-1773-4c1e-852b-e6b8bcfd7ac9,T1,zcjB2Lf85B5OE6mZaBQMlrSgArkEbEjZro26zgWgC1hrTYapBoWAby0+mDVM1tfoxkoKym+A5Jo8R6hYkWZor9LmipZ3TqGq
ddb04ce0-1773-4c1e-852b-e6b8bcfd7ac9,T2,NVEPKCK85f/djQQJoe6o2r/5OXLwnFJgE04yK+Ak3xBxIHK/gNsERVHspoWO0haU+WjD2rlQTqob5TFb3JevSJMDt212w/jw
61d72dbd-dc90-4032-8014-66554ed541f0,T4,Vhc3gkClPlyhSo8JO4fdaZRhqZuVfOoizx341V44xTVaMRvIIxntplGMkE9JK2BhV58JevFQGYkFv/GuUUzUsulvrtgwgukh
61d72dbd-dc90-4032-8014-66554ed541f0,T5,OIdALxRT5RxSnK3Dpde4MV5dVFUWTk1+Uv8sPJibso9COKNpR0YB000bskIwCf4WHpA3ICb1uPNwTi3bmHUoO+4DTUpJ3y9+
61d72dbd-dc90-4032-8014-66554ed541f0,T3,t8khoE8t56unpLHI/nJlCe4xdmNVAo9MxoRrfJpkJic+9Cq9sBL1aGOjrEZJ2nnvEauQI3PB/DWc6cR/QaYLbEoJCuSgEZJy
61d72dbd-dc90-4032-8014-66554ed541f0,T1,/pyyMwqjfhgoz28gXoCS37W1/2CLtZAPaKGWOgvroXoaRfvg3cGrdDm7zHI4Y46mXpJvDHtbTrZvQ9ALMOVVVhsZE9xIgC7G
61d72dbd-dc90-4032-8014-66554ed541f0,T2,n8RF0HiI0MtUmb2wcO0Gqdub4W6MruacTshxgFVZ4xL1qKRLLKhgvjkpXmwNFmENxtBr97Ht2vpllLU/z5IZf8nud3ney2v6
e24228bb-22ef-4eaa-976f-34e94881edbf,T4,PIK6cjxAdKJJONpRexRvUkJJ169sCU6EBZoJBh1/ucUk4QjO4OtLDH/w7FTjrKBy8rBVH95ZfzrakNcOHad+HN4FmlA5/UbR
e24228bb-22ef-4eaa-976f-34e94881edbf,T5,7MJVCk/sueSazalS6x+lBZWUpYI0VwfpiYF0OY0E6pGKBcZvswCtrssH6kfXu1mwC8gw0TxilEVA/w05oeycRgOKeuyArGpm
e24228bb-22ef-4eaa-976f-34e94881edbf,T3,jdbabF7BvxOewZF2s4iD+TFVu7Wzm0Nx+DCJ+47o9PhtwbjU2fUMqr6Vplwyc//XOiuMeRiK98f7EFJ6whaxMCtoNx/UM12H
e24228bb-22ef-4eaa-976f-34e94881edbf,T1,F1Yu0pYCwf4Yvw7YeuD1J//aoUdmAZDe7zkgHqjdf6DxvzTKAqpTk7c/r0G6ZQGCht8UDxsTRE6iW1gGvv5FWOvDJ7ssvHQa
e24228bb-22ef-4eaa-976f-34e94881edbf,T2,Dtmhkbm/W3BoKvbjTgmnn9pasqmziUhChDzIAhVS1zM8Nr5k2cW7DCwehfg1N9jlzCujHlnfpcxf3t81ov/RS9RGOvgUMC7s
3912f1c9-9fe4-4eb2-b278-4554299c6f0b,T4,/l/H1JqErsNlOm74QjdD6I2Yws+sSy2KH8WePvr38Ee8fT3R4WsL7PxGz92oZd+fzaVC143DHyUTgbFOs4zpizt7D+MkCW2z
3912f1c9-9fe4-4eb2-b278-4554299c6f0b,T5,Y9kU0WhBYrpBuvsPPNHtaTIhx3z7e7yLtU6pjZRFi452hrFxfHMRWxOyYZzdIgns4vxJCQmhFaCgL7vdlsKzA66R3EHA/SQD
3912f1c9-9fe4-4eb2-b278-4554299c6f0b,T3,I6LExdw7rGQOcXgCyn29fd+X8ztJ/Ifa+D8MCQsLwVObHUo4hXZXE+0e0w5lgfGRITXrLn7J50/MhF/c2OZOGK1BoEqLyeeS
3912f1c9-9fe4-4eb2-b278-4554299c6f0b,T1,TLmu/+OsbTEHwajBW/YwZ44hY8E4KQfcZo+Ltye9nDONFO/3AwvKpUXRQ22eM3qc1BwyH7NZiWDhljiVRC/pH3bOrztP18Zg
3912f1c9-9fe4-4eb2-b278-4554299c6f0b,T2,lxp4eN+8r8rOr6jVZjwx2eOdROkcqElXuRrGJ+09qQvm/iU+GR968htvXV1C/YBhduLNyWdWyAp2T6MARM5AW5c/9B6RcNZe
14faf4f1-49a1-46a4-a024-489d9df8d6f5,T4,FWjFOJxw1c9f3r1z6AvqlaJf4GPi1OuA2EXXZN8SqeAET1K9bqRgDpeb18nb23MN1ihCdkFhCRC3EXsptOY551hogE51or+m
14faf4f1-49a1-46a4-a024-489d9df8d6f5,T5,gsmur1xNRF7w+OGXGqP2NNBkMACN3U9g5RyIyBSwqCKTfn+B1LchbdguqIaqak2+p9KHso0DjgTJ/OKhlgYabFd42iMTjt5V
14faf4f1-49a1-46a4-a024-489d9df8d6f5,T3,t2n5M0AIGB0yS18E26pkRRCGcr7gSu4vRBHf/qmlLwZCQogd19RyoRtXC7xqYy/9j7ZmpFuDazewz/5vgGdlS1Adn2MtRf7e
14faf4f1-49a1-46a4-a024-489d9df8d6f5,T1,3K873nsKKM8WJCU84ikjY9SOaptpprXqwEbL1WhA0F17XH0Q4FbO4pbeNb63QiRbkLdyjkJQCzAIDSKEC1kr7zgJ4E04cmPM
14faf4f1-49a1-46a4-a024-489d9df8d6f5,T2,/AMCHt8KlqF7cql5IMpuL0+OFo1HqY4VCV2HtO3GmR/nyokLBzim6ZfqEnuAmRJiDNDiDo2l4CkmsSf8l1JuyUGf/W/8Otn1
6a768436-77b6-4db2-9ddf-3e9ca216553e,T4,dxd3L/pX7MahieOF5KiAkRsvKwQVAFZF03g5AFZ/BF6p3TmzU/Lxm7SwMcX+7tyrEaWGbo7wS8LhGyiZYxaNp6IuEmQEkh1+
6a768436-77b6-4db2-9ddf-3e9ca216553e,T5,G+qK4BxARgFeoaS3iDODBebY2FZiYf7rkSMHlGQT0k9Mm/gy5xQrZLmxf0ePOwF3NU+LdYepIo1bpN5ld1tcyPzOwOHcd7d+
6a768436-77b6-4db2-9ddf-3e9ca216553e,T3,wnN5kHnt9Um/C1kHmV/R/Tzx03ORyZ3cPvb9PawxTN2OyO/NeweQDg0bcbPiTz176jA2Nrgo+DNUXxUzdy7a6BXMjmf/UTyO
6a768436-77b6-4db2-9ddf-3e9ca216553e,T1,G2QeRbxqCQYHNXCetU6WxL8aPT1rQ9m19liWobBaUbNRnAGxpQ8r9VVQMrmZBvFfKMeBbmvjFZqZt8zqsxYTtLmj5lj8aZR2
6a768436-77b6-4db2-9ddf-3e9ca216553e,T2,n3ABxWaLyDjn9ezBbqG0GvdrKA2LlEgj3jUUtm/QQf8XejEcsqsKLsT7RRXN4p9EmRVxuyjn/gc06i26DlCj191fk6PkATp5
7d8f16ba-3f83-42e7-9e00-7e5de119589d,T4,qGY0XmG8g7ff1VDvAYb0+AsgD2lakbsCPoCGzdKMirHv47LkF2DN2ZarKYmcfcBWdFsuilIR3n65048lvjWNnCEmnWYPiJd3
7d8f16ba-3f83-42e7-9e00-7e5de119589d,T5,PMkYN4c8hYPrDnslzk9l7RlMvs78q5pR1IbPccWnbbiG0xF1eM9fGz9lvRJKM8mFYCu35C237NAsz4l0vvBnbzI2yD1BY+WR
7d8f16ba-3f83-42e7-9e00-7e5de119589d,T3,AkVHAKec1x8c5lKBtBoY4WzVUHDx6cMMw1GzNodGzGWXLac1HSkZFsIqGCcoMcOuAa1YYna+zM8eH9e48P/9fn4gftoRY1pM
7d8f16ba-3f83-42e7-9e00-7e5de119589d,T1,xfbCENz96HBE7RxstJqQwmyg2Pn8UQlKMRCam30yHcRcjW7qwZQ5+l88s9Gk/jB1RvzF9tRFx7mYPfYc2A5zYtHOCEE1V8UG
7d8f16ba-3f83-42e7-9e00-7e5de119589d,T2,4GgX9rhjRPKp/VJ4EoZYPnhEZ10ibKA7p4z/4a6+JSv5QlFcBrzmXYVZ+xULrH0a4VWqJcMmp9zPiScL1eNBvDLUsJ18MWnO
b9035a5a-5689-49ef-af56-db9535d0a1df,T4,LJPeXdhOFiA9JWv/OhzqhtuuFMCOOOfFOPdXPOEd2hkDLYdADEfvZ9QFmAA4hcbhyP7Ey7ifgWbAey43SzhkoizGu1+bKK03
b9035a5a-5689-49ef-af56-db9535d0a1df,T5,glrStmSwYcC2nh8GRzfg4em/qGm4Z/yYYoL/trGrJj/CPyNEAqFIVe9Qd535GRXguAjhyXkDkuN6VkVRmwnTHdgbWyFoCyyY
b9035a5a-5689-49ef-af56-db9535d0a1df,T3,hwTwjPe4HpitQJ9g5uY/L9orbkm0uryhrtJ/tcADFt/3ba1zoISmuQzyHyTCEu2+5CkjyJSPiSxEdHCkY6U/useJiTqHc1C7
b9035a5a-5689-49ef-af56-db9535d0a1df,T1,mhoVbpNDKArnLcLUhjvmkSDq62IT+xXPWfG2fEgPJC2tteH0LtiJowoh4hSOwxJDTYpWpsBmakK6bYROrKMgWOjIN6nFGSCU
b9035a5a-5689-49ef-af56-db9535d0a1df,T2,tkT37VEb4s0FRR00PhbkeDBU3FawEmP8VYwWSE7n9bhPfeFQ5P4Gs59o45qjFeWcuGWG4q8Ng0hTLuaOo1tfJ5wRRAI6Z2TJ
6e73d30e-9c3a-44ba-bcf7-2570348d722c,T4,0DR7lnEk4Gj2nAkU425lwncebXPQwjj2YxD8iDh4l5ZHXfo9TyZD4tnx0aOKmgHA5GgapDfe6BTF0bgM3XVb4ixpfKzFevFl
6e73d30e-9c3a-44ba-bcf7-2570348d722c,T5,EOOBraTCm0RJhM0iZxKM3KeXnVTP8eNO/v7iz70HciU9oJ5EBWFtHrWkmsawQoDy0VYgwBcpvOheatQ+79R8pT4KqbuZUDIK
6e73d30e-9c3a-44ba-bcf7-2570348d722c,T3,Mlc0zA4rovSOMXH4S1hwW3NLFBa85iA9N0r0lKf6hcC9NhzfL2+rpt6o2xK0a2893IZQK3Emm2CDCBlr85qMyHbmvi9fnYBi
6e73d30e-9c3a-44ba-bcf7-2570348d722c,T1,OhCknc9a9DbgpNFlwvwueAVOwoI+h9RKWF2IMQ7foQ0syTruK9kjdxxeC5jPecmX4FLHOWOo5m/3iLqif+dmDP4brxkwyZm8
6e73d30e-9c3a-44ba-bcf7-2570348d722c,T2,B/4FHNhYcI8FHQqGYUDRk0v1AfPc7mx5LmO+5hbInCoOOyLxUmMBCXLwK10Bs+92DutS0GRcvFsv9tbcfEgSR0+obkakMp/N
a4a4a52b-55d8-40b3-8353-9f7c67e12092,T4,K/cBlqwz4nVZUp2rMl9xjtgwL2jRSlozqyiAzqBCf3Bc5fzsmAUOtWlz9bg0wI5bmZqNsWE1m3Efzyaext9ZQjrlAxQlxL3r
a4a4a52b-55d8-40b3-8353-9f7c67e12092,T5,42ScOzw9uof0tJW4uZ0l9htdxRDhG2IITLGPlVU1PdVP69FJQnG4etKTLNRKR6Z3p3yJUFIib+dLwhyOjt0W4cxZavYni6a4
a4a4a52b-55d8-40b3-8353-9f7c67e12092,T3,CIinBTvPyh15bxnoY8ZN8x6NEGfHSaPyW8tIWgu7OzTIXkO3jpYJ0SbnSXcB73q74rKH8NhevGlvyB1Q9sGStSztSwzBDQpB
a4a4a52b-55d8-40b3-8353-9f7c67e12092,T1,OADtp8pWQYe5evyHFEWxCMkQlkPsou8VQLodeJPFxv3PUnR1fmwM4kHQLYX4omGlagcItTS0BUPlnyk+u8AZ1xmwXup5U9FX
a4a4a52b-55d8-40b3-8353-9f7c67e12092,T2,+Eu+OVVgKzE0Uc/g346Y6kTtv6176Ea7pamPM6n9F+fiTUIdx/fCeAHGNH3MOOyBQoD4WXitxnE6xRvuA417dk2SyJkD8TL3
f88cba37-7bfa-46e2-8283-b695310c78af,T4,1Hl7ZVh3LbGgRjMgbLEctCbvRMA1wdvTDhlSg1BJ7+F2ywPfPKmiXz8EqrQufJWiup10HgXwzGXFKj5T6cL1EabxVD4dqGWT
f88cba37-7bfa-46e2-8283-b695310c78af,T5,RsSZN9gfXizLV2oUT1AHgAWYex+Zi1gG5lik9eaJ3nWJQgCBQT+dFs+A/8pzb0h3L6FnftHpHBGcccLNZvc1WHC8ZZ9nl5Bv
f88cba37-7bfa-46e2-8283-b695310c78af,T3,fzJJB9s1SVgsr5F0oBLT509tTPG4AuGc3e6dZbS1lJ08gdJ6kAybmsUZblpxNvtgoDgRnczhY0rWKB7rj101PsFIb64FNoit
f88cba37-7bfa-46e2-8283-b695310c78af,T1,xTc/piP5CQGM9OeLlvJhRjaM/D1/RcVE4ErY7JyXyFYMOgPVEIGGGNliS8FVwhjD4y5mqiJ1Ijxrkp84BN6y7+vr/lilGMP9
f88cba37-7bfa-46e2-8283-b695310c78af,T2,vN9A4vnrQtx+Qgc4J2i3/jbLA3gWEmunjN2tIPVp5xzdGT62bnWMzh6ha1XSEM6kl36JkXiI0oJ3kijK8MmEKHOVyQByh31u
270d7f84-6282-4e42-bcb8-010ab0d097ed,T4,/uLJHm2SXe7jOhycRV3z3RSdXcT6iPod2Rm3UkgoP3trZFtUEjuDuMus9BPYoYGZUlN0gF2hzokJywrm2Up418xDJqjrku4y
270d7f84-6282-4e42-bcb8-010ab0d097ed,T5,YEJahLe4KYDm2xlE9Sdwk8HyLlEdPHttwbVwvOzkjCeB74dAuKvSbu/9wVACasdYJ/H6T53yLWuM2o0qxOPkjYH/eEBmiSzg
270d7f84-6282-4e42-bcb8-010ab0d097ed,T3,ICJXION7LdUuH+OEeXjQkzh0Fb5HsDCBO5vX+veT0yTF+I6P+B984OEWc+78TVGoiWRSmT1B+PU9VLFR1fDtnOvNV0aEP7jO
270d7f84-6282-4e42-bcb8-010ab0d097ed,T1,nhBrVZvV79azLsC96Xq5DcMQ1jk5zR29rtEB8CvgDX5az6XU7ygUNcG2RxoxB4C96mqQMbDkCBCgk/IwWggAKGjsygWwFdlS
270d7f84-6282-4e42-bcb8-010ab0d097ed,T2,SjJrajWM9nCde44x6ltmHR0IH/SEzxWGKo26sY1KGdV5UHTHTTNd6oLhvEU3kbQMJDK9M/GlUSnIwcUUnE/7puQOvYflIWAn
d174be1b-34c2-450a-89a0-6c4d11a8cf49,T4,ynvhT6ewwoW70uSqpIVMAr3u9TnS1hyFBa8Kch6HVZCW6yKMQ1K2b1hDwp5ngtSKBrQQQFXZywC92WcDkZirJ5UQxHy41i1x
d174be1b-34c2-450a-89a0-6c4d11a8cf49,T5,hvLyXHXJqlLVZGr1GAEZa4U68Onv+i4X5OI1taqdrsGyU+CUtCDPo3fF+rgt7KNAsmBBMr7Jf9qF+Ur+zx+1rd7wPdOfJ4PJ
d174be1b-34c2-450a-89a0-6c4d11a8cf49,T3,dofJ0gCKFbM+vjQ7rz4riSoDfKiSQDb+ld74OUO6S+EFQWC9jyE5aFCix2W36UDoiRaoYsZpZqsyt4ymOywkTl3jOaCNjTHc
d174be1b-34c2-450a-89a0-6c4d11a8cf49,T1,ZsriVha04wW4yUbmhEJ3zYIljMpl0oDOGWMGUHSxQyv+OuV2+lDIQYARaDeJN+kAVLs0dactsUowWyrCJRWrqwKO6t/b4VmJ
d174be1b-34c2-450a-89a0-6c4d11a8cf49,T2,ge6GgFpANXMLZAYKWsnLK0EcPVTj2nBwFiX/6PvX+1WEp0rcrCEtSJ7sV8hV3xYsiE827E5VB/d79m97z6kGoCzJWv6dS8UF
a143f53e-f20b-4d9c-808c-2cb2fcc444cf,T4,AvzczLSeGvXnVLQbLZIlKpEWZJzhlbElWFfzNfIoI+Z4gdL7EWlz3lZm40gzANWvo8Sd+eD53ai7S15WmfhOkUwlvEOjRY/v
a143f53e-f20b-4d9c-808c-2cb2fcc444cf,T5,eqtq+ghkoZGH4ePdiaioqc/IHi+ohd5kI3A6n0uiYIuesk6Ix8OKo35dwt0ECnssH/XTJ11YNaCSK11y82Fg8u4xvvNOztAt
a143f53e-f20b-4d9c-808c-2cb2fcc444cf,T3,Ic6NbZNKfJIrk/SCb5BnF3QwrBz2yPRub9XfaD8htWt+7PCylr04vlmgRzRAmThCmEM51nQSWiUoo75W87RqmHXb+BkVW5UD
a143f53e-f20b-4d9c-808c-2cb2fcc444cf,T1,VpExGXNu5QW1gSRbTVMczGql8Qb7godLbANO4TH6pAL8vbkNQ7Qa/k3Hy8PS/W4Un/C6CH9Ucv+MlCaQAeMpk9nmbozDP4ZT
a143f53e-f20b-4d9c-808c-2cb2fcc444cf,T2,yB/Ez7cx55DBWfWBhMkHRNfNiKSXwtMBWzCVdrBmazuxA7RAhfA9ICGzuAH5wMP/AWTuWRKlnOWV5DYZdjWzOxug1dg1dEzd
6af9eeb4-308f-4a77-b627-b0a79c9c7709,T4,kqhIZuemQ13aNdWqenvr6C6+8Bign0+EohczGPdeVzd0gtJ4zEvz5TbXMUq0XPeohDW0izQG30m2uJX0tLO5eKaEZowGLQpV
6af9eeb4-308f-4a77-b627-b0a79c9c7709,T5,6fEmg4gYrAC29+8wk2D37Gjl4h5bfMz2oxqwqQYUR5rVJBdOS9gRlU5CsgENCict4jQmgPqQSF+4Fqwtkd1MJ0jQbacu0t5j
6af9eeb4-308f-4a77-b627-b0a79c9c7709,T3,oSf5bkSy8yrxkdDe2dkygtlagtfb+IXhawnQlZspVgAIy4Bqgh0K1kV6kagopNp+RYwg/K32NKQ2nwjzjeKqhGXlQNEW17L1
6af9eeb4-308f-4a77-b627-b0a79c9c7709,T1,Hfzsf0x5eyf5RPq6YbhzFLtbjkcd7bCJgYVvMqQFz9VwVa93oHqIRlKdTlg1TXUUozkRGMVShQ7PyeUzeHVPOHfTfS86O1Ex
6af9eeb4-308f-4a77-b627-b0a79c9c7709,T2,7TY+FDJWEyD83Ttzf/iV3r6RsWT1l5IcHNTkK10HRl1YfBgR/GIcCrJn82bXaTHt9RckXnPVCOtLcuizrXkmA3eaBdW2/U9b
80df2883-a10d-443e-b551-3c5d6a3b1a51,T4,BVrTMXP7hqmwN1s7fsVJUoYiZ/XSs/WxW0FX7tXC9Dbe0GRQCj5bDVQJWFVRIKV4/ZVvT3jRdoZJj9VnDYHzT+eErWAWmIt/
80df2883-a10d-443e-b551-3c5d6a3b1a51,T5,cPWvNB503DocKekt696DGbPv+jbINLfEfe5iecGI6/hQy5ZL5MMqYWggKUxstb2jAmXNcbq94mx7pwc53Czhv25pRlKiPKIN
80df2883-a10d-443e-b551-3c5d6a3b1a51,T3,CyDspnbi71O7VLpEs+0phu6JjjLRRX5mcRJoLIcQUPFVa3J5NsRFKJyasv0QRsq7isjMk47cV8WHoeeIbI24R5HVLkDS687d
80df2883-a10d-443e-b551-3c5d6a3b1a51,T1,LAexdaiTuB8H8tvQt/+OsmgNVT2sLVkQdIbKzvgWi6a3ERXG/vF14Ogs6F/LJ26wr8FpoemDTRuwBfnfMqHoO6fVAEi3lPh9
80df2883-a10d-443e-b551-3c5d6a3b1a51,T2,adYwLSGloBh0HFxXklUv8fnDyB3e02QI4B4ZvGjreYwBRht59gjLVhxYtnCLoASEl6Ce9yEFJGOwyuzFc1XdGdUHE9HjPZIr
6a6d0f10-b4c7-48ce-abcb-22cbe63a3411,T4,MY+yTegiTFkSHoQe0YqbjFEZ854Zbnwy2OJfhJHS7dt7bKHrqC1Waqt0NdsNTj1Ufw4/9DIx4pnVZZGpMEhnAiMeGzfyBLHz
6a6d0f10-b4c7-48ce-abcb-22cbe63a3411,T5,9cQThhXpHYLPhP+hRkXBQiLoZb1WaiVaiKXmKA3JtynjBj2uQ150v5upN2Va8kw/A55cjr1HHFPzKShd7vWjbDSK/v7CilQf
6a6d0f10-b4c7-48ce-abcb-22cbe63a3411,T3,ZbQUHhi9vnSPNzg8i86fn0bGev3LJ54OyQFHwpJtoUMGGa7BFDAZ4kGnYTlXCmom0N1LGc8WxfAePWRG3byDacs2rkfJLVl6
6a6d0f10-b4c7-48ce-abcb-22cbe63a3411,T1,iv42n7TbkZua1YAUNtD2cMQdAvbT5Oeeukq8I2hzMAmf4RfM/dFIF0utu9mXmBC/RL8pUtt0ieqMXgVKiQxNOV5PP/IgLnao
6a6d0f10-b4c7-48ce-abcb-22cbe63a3411,T2,oW8ekh9Ml+fPRaQk0ckf+PYDcLG3zVIGfflNCLZZ4mH8552JsnqJIdU3r9pIILM7rHjfQSZMkoAi5NOjN5euM6Gn9aUzd28j
8d06b375-db54-484f-abc6-f6e1eeca6d92,T4,61khmUidXJkiIxvGJk5YGvcmgqlyD6m+hj7DsUldT8kHfEymdE9+n5uvvQ+tQmbPm/ElMvOAc8Fm3qEHaVMRCrAZ/oB3asJq
8d06b375-db54-484f-abc6-f6e1eeca6d92,T5,Rw1ls70SqRWLgdbnMsE6TifsCQDP+obfOX1ekHAiJMu3oKoJGkJH+gYAEs/Xs5XE+DcR94mQNyEc+WvdH/ZcPHFT3myHzrZM
8d06b375-db54-484f-abc6-f6e1eeca6d92,T3,uV33PcksAf9BS9WsJVcnqq47KMimtKSdVVTofrO6oESLcFhoAV4IArvTKWrY/xpHBPsTTmoUgFoo0gOHugTHeHsk39eEDnip
8d06b375-db54-484f-abc6-f6e1eeca6d92,T1,AKJTspMn1zfI3/ytba7HaheqIQD+mfzSyzuvTA/nHp4v76Sww2FZ0I/0QkDYjCVz5oiaF67n2/dJqHbWji0//4/ofJ80SaWJ
8d06b375-db54-484f-abc6-f6e1eeca6d92,T2,sGxQzrKeWz074EmVOODo++h+dxlR9W/Aa9yY2Z+XN0fL5O/V+ILlHjLMZUa401Z/61XWb2/oUtIDYlQPoKLuYC3St4ozo+qH
c1be2830-c1f5-45f7-a483-f8a6f6d2eb27,T4,Cz8xuas4vyRpXWwFxTk19AfWMEUVEncLG6BN8SYKuer8uERPEiqRcFkJlHcRGCXVNFA2ll06Luls9GTMD5qp/AWrArzk8ALo
c1be2830-c1f5-45f7-a483-f8a6f6d2eb27,T5,GAipRSM3fbVfjbxXiDWP0JAy0rzQDUtS+5jNtDq0fCu5lAmENZOSfiNxH4soEPHF2yHw9Tk/UVF9XlzWbTu5JiYDPea2fT2H
c1be2830-c1f5-45f7-a483-f8a6f6d2eb27,T3,3hMAb/VWhShFEiUMWsIgnZTLYAqAtMWIa4LIcCJEpCYzUd6ITRCO6wsyCQT61iwa+sK7aVJuj7wXlSKfwv4H7LrGjxSttJRY
c1be2830-c1f5-45f7-a483-f8a6f6d2eb27,T1,kxs9NLt7IyR/WWpJuDZ2WlNaamefWxp8Zfhi02ABuA8dmq/hFJiyQYbVS+8chv32c7Dq2uLJYdXbQHZyinotOx6dU+ohLEz9
c1be2830-c1f5-45f7-a483-f8a6f6d2eb27,T2,Mi8rxNKtvVuVttAOb9NXNNh44o1A5WZkJTfauC7RNrI8lqXEFt40cKJRu0N9h7KzdN2yufaNV+O3fBOsshA+KWaEyyPlKr5h
6dbc466d-c062-4f40-8960-6ce9359d77d5,T4,CwR5qzTRIjomwpFYU9Z2nZNlR0dUjHH1mPSO7PVYKsptpVTA/5Oyfufvoq2o4nauCnuqhcL7MnK268IfISv6BNZ3qrOghqNS
6dbc466d-c062-4f40-8960-6ce9359d77d5,T5,gmtm7bqXdBvnxVig4JNPFczV5w6iHJ+caNzt7xWbgmtIrgxDaHKzv0fIWHZH/E5a4FXxQshkF+dF4HElFTuTOqLfeiwASbRq
6dbc466d-c062-4f40-8960-6ce9359d77d5,T3,qAdIj6pcsyfN1I02s/703sqlzyimbr2FjPycb6zNNOzVu0NMDqzsKKH1c/tLh997x1qSHou/NJlAPVAkVY+cRmnIduCVjylB
6dbc466d-c062-4f40-8960-6ce9359d77d5,T1,QQHG/mnoF7Kn6rVjRtfzc6uIqZigl/ZThPrud35covafYAAFGmxPrDhjuN94OK23Kgckg+IWFgUS09/LSiJyncd0k6/L6Iiy
6dbc466d-c062-4f40-8960-6ce9359d77d5,T2,xgafFSQEzj0uP03AcZoRSwgRW91CX2YOYPBS3xqfb/ve20cC6DPLwXyrP4vC2FwlVSRKNxg9tADPETSLORmw4El+7mW1fF8d
69efad57-26e1-430a-af50-60b6e8f9bab5,T4,B/M8DiHjXAvjyUbER4lIi98sre29lteLqtrplsUXJRlwl6DDAHfmuMInxbkmAoclnLLT8OfzzEGaH1T/pTPRnl7/EyE0Og5I
69efad57-26e1-430a-af50-60b6e8f9bab5,T5,oCznuso72ESin2e3/EK/Dat7cwlzdfLaKYWs0agHeGZDIWMwppxK02cB0OtvHw4XkQq2RHbhdZB8r42HzzsC9L7I1iHBsegC
69efad57-26e1-430a-af50-60b6e8f9bab5,T3,2nwlxz/pDe0ZS2KecBsBwGcm1r05csgn/S9jECCmzjyPl5CoD0YWDAovpV00rynGkJuZ7So6X51qv4g61npZ2/4EuUdTnz5m
69efad57-26e1-430a-af50-60b6e8f9bab5,T1,KAww7gasbwRWZ/CrLJ7aPB4E9m6yom6IFvBbeIgTyDt/tbMDdjLnxuj39yR2NGszWYLe0GFGSJ3/yp/Wjq+bGiOzrtHXmx73
69efad57-26e1-430a-af50-60b6e8f9bab5,T2,jiCy0yKvke38qvOM+EDgUwNdt2KhodUdGUR/gOYpnBobqm5HUQ/n3pkCbsXOmVstvLIXb/w2iCokg7ThOd2PCdbLDCCrLRtg
a611e311-b73e-4916-b2f4-4258649ca5ef,T4,2fSgoz8b6IQd9Rt/mLxFS0B455xFwn2WpDJAvam+UGovhQY6AWyjey7s/4F+cESsnyzWbBpPGADuaiKESqsbkGa2o2PeKqgS
a611e311-b73e-4916-b2f4-4258649ca5ef,T5,J0DpVQFXnD6augS+clzKC5ZuBdZTCBZIuEpsL82cdIbmf0BNCpIx6ih2aYQIuYAvFqWxDsUdTa4T10OoTrLxqwoWlNgLEBu3
a611e311-b73e-4916-b2f4-4258649ca5ef,T3,SiEUPDh2ZOf0kaqvRCACDcDVexHcg+6u8J/fs+deIzG13KyCi6alzsMGH9o3qNkzd+awU1IkoeIkWHN5JpjdEw93r2UGuF4z
a611e311-b73e-4916-b2f4-4258649ca5ef,T1,hnqKjaWj5SWpyAW590H4ItmBe2VUSgsPG47rsV8BAZ0uajPocbToDC5RGD0LHXbnUMxNNQcXeOx+wpChv5OvughGHtwQn6fM
a611e311-b73e-4916-b2f4-4258649ca5ef,T2,6gliU1EaAILCMdXIl4YngRlJclzJJ9kXFn39gyf5+SlqdNj598PVGN1L1d27c6IZQ6lZEWkZVbJzNm7J6nf76Qd0bIEcka6H
56684d5b-ba14-4f2c-881d-0373e8fa8d27,T4,3msTd5yVj+ANDJ7RJUbOq8KAIkcQ94E8GAqLFS9On79nBS3VDTWfQUUvCb6CRsWOa7oTyWzzqVBB9Ag6BtnP6uhW8ryH1XOL
56684d5b-ba14-4f2c-881d-0373e8fa8d27,T5,td59x2EudGZ2AAN97BKA1DJL+SQ63pPS/S4dG7Y62fA9PpyVxE+DMh3YaASWmjUs+VXRZnu1W4DvyVM/NsZjxWqVqlNpaQdk
56684d5b-ba14-4f2c-881d-0373e8fa8d27,T3,FRun/w0FTRV5OAqUpSiLSeMVwU9YintYnY8lTdid8sWymvvphCvmLZleBQ56OPIHjM6uC2YRG4nIg9GuuDA2xBUdHBJYam2+
56684d5b-ba14-4f2c-881d-0373e8fa8d27,T1,Ut/3vrGr3tdFNPl6sMIM1UdvPa8UliZCpTL7IX6s5Mtf42q48UzTN5A0Beg/Yv7V97nuXq77+COk0CzgHju0SWVhmpCHSDLI
56684d5b-ba14-4f2c-881d-0373e8fa8d27,T2,epxaw55ucmNNXQwXd03azog3tlYV7/PdLt25uieWnpEHznmIsupULADJjlUPM/AGWx2MNhk2zsWmoT9dIP9q7gMYewAGiKrm
2e9765ef-538d-4fae-909a-c674b20682cd,T4,Xt4siMF9Ly12d2y3bWSMtphOHcS8xrL+nfM4VpE1bhbbqNDkeGK0VYeGrZoPE1TCYz2EFAx8r7cj/ANmudYQN56Qc2ffMOk7
2e9765ef-538d-4fae-909a-c674b20682cd,T5,lD7Poqyq1NMWizKyoM+5IBWujfXdoSdPyD3sdO/iN9/Oooc91bwng0xiw1z24p7N0zr4XY8AoyJ075K5HCIq5xqlkDePrmN9
2e9765ef-538d-4fae-909a-c674b20682cd,T3,Mec9bZBj1HGV207oVp6FdA7OgJ0GGkjAW1H/e1QrpHG4gvqpARInAFCJ5XzZIiJqTZaKdVYUh1qrsuaOWeyh1X7XtXd+By0d
2e9765ef-538d-4fae-909a-c674b20682cd,T1,SFjX5pBY/p8APPWdIQCsvE0cONXrWiyWJ1iZ2uHidQjGpd0Pb+7Ume0mn0Fwxodqfm9ZCADavfkJTm9K70Kqq7QOM4aCFo4r
2e9765ef-538d-4fae-909a-c674b20682cd,T2,Bxu+3619YI2G0vKbTtGPhvHY1tMahSC5raPNs7O1VG00t8JBBSza5N6NWBM2La1dghjD6peRNle7omIsbeA3wSYpF/+XyDNM
a72901cb-15bc-49a2-bfef-3743ded5fc6b,T4,vsMF6Uzicc8KYk/W8gp52Fsiv6S3aBbS94Q2Jbf1TC4025AyCTb8jdQrqgcgKBYxFtCy6v7QKGMHOZfBmS2CQM20e2j9voM2
a72901cb-15bc-49a2-bfef-3743ded5fc6b,T5,FyMYMll+4Ma3i0tQKyN5WrI6lloJzcMnAq5R36dXGdgde4qBYqPwNYd1Tj9uXdyH3lVwWiYG2wjIFCYNsRWzWikNLzuVmLpR
a72901cb-15bc-49a2-bfef-3743ded5fc6b,T3,oZzwM1w+FMWy02vwR/z4WQgKfFRmAHHWm3DSsHPYui6CEvrcAssUJQ3hCM/JTk7GEV1V1i9xgE7MbR4PE/diKZXpyq/itScp
a72901cb-15bc-49a2-bfef-3743ded5fc6b,T1,CnKsmL6BSpwREfyo8KfwgHyh11guPmr8Iop/VyXHnDhJ/d4/prTB3z+Gp/EJZ9MlwemWy1KLnj0OwqXlr0e06/lYJJiCAcIe
a72901cb-15bc-49a2-bfef-3743ded5fc6b,T2,yXiabsGOfAUGNtgw7xLFk1MZFDBeNICzP9RG84N4ueqfWck9KaDLSOIub29de8OYDXPw81Y+a45t+Up20kPqame/Pp1B80xd
c278c87d-a5cf-448a-94c1-161b2f66b878,T4,FlYDA5r+cegfo8xsoa4cc5L9ZL0tFC78p2q3eXYQBYnw8TgrXT5eYqITvpcVSVOci/FUYVSLOJCsg5UaBov3KYTqmcZZmCQz
c278c87d-a5cf-448a-94c1-161b2f66b878,T5,DMwTetRoOf2LweAbqrVyJr0/h/i1No7ncTxVB+krTWEEpDJGOTDhpb4OmGoHFcykGvyZ2jRWqWcJusDm7izNbqRscEecJWy7
c278c87d-a5cf-448a-94c1-161b2f66b878,T3,51ypdrLSS+NwqnHlsb9BoGTgxmtW1T5BwOs+xKMO/spbgswrUaCEinEMTZkaS+SIOw3xNwQrprP9e+Ra5awu0l0CUJpKyd8Z
c278c87d-a5cf-448a-94c1-161b2f66b878,T1,lpOko05DDUREjwv30vwdS0SFDhgExVdPoOH36zJtRfi5rfLa5V4E52u+X4Ie+XW4XT4QT4HXgvkIrp2dcKxj4QHkoxU+mDgR
c278c87d-a5cf-448a-94c1-161b2f66b878,T2,zJMl5SSXLvlKghgpcv/SLSiNqZ6kCUeNpCO7NnXZyDBq1heUmdD33Xnj79vGS2oJ00Hm+yTUEaO1psWEkAk6iQC8cmOnkxY4
5692ba82-54d5-4be6-8c7e-3c9bab4b39e5,T4,rPJM5CkRhJtIHqeYgkL06vK8DwrJfFYck7YymBnk1Kd+MQQ2bXUX/1Ht0XNGHM2s/vMBQ3lyjY4slrCN8fur0MApGmz8yBsA
5692ba82-54d5-4be6-8c7e-3c9bab4b39e5,T5,g8KPQbpXjVKtdHyA0miCz2Q/uaIhmiOTCOeRsg5z5Po/RVafcp5UbrUo9bL+suENL+3XJSX2KM8cTo8iE85P+HaiJK6NgB8E
5692ba82-54d5-4be6-8c7e-3c9bab4b39e5,T3,13UAc0KRCG9LUeARsdhp+VY6e0eKE6kgX/Ymi6zeBUm0W96NLtEyPTARj29z5oIHSGqWWyZEZHiBbcy0H3W0ZCoW7StMlGel
5692ba82-54d5-4be6-8c7e-3c9bab4b39e5,T1,I1BJ0PfaDGmsGuIoNJhEnhRtzRn3v1Cz9vYB254DvNFgdfpQrQEB5+KRM8IdblbqyM505A8IjK2hDtxH2t/nU/ZEoSW2+kx3
5692ba82-54d5-4be6-8c7e-3c9bab4b39e5,T2,/421o5gqKMSuXQUKGlA8kKM5Q/v4VYS7TeCW4RcIirxhfO80o9PFT4RabuB59Qf0SwX83AXRAXHqvPJBfDCWoS0ljYnHXavI
632a0823-504f-4e8d-a21c-0a8803891e55,T4,dmXkPa/Gxmx0YjXuksErZPEZY4pAIepWAeaZjRLDOgrolrqmoyhlH3myds8hhM6O6bIWfThkAa8rEs8nhpBMVwZ96TTOxeCP
632a0823-504f-4e8d-a21c-0a8803891e55,T5,HOz5EhJBjS9Ui+0YXkOm7ks8JKNuch0KsRZhEnUuAn/2edPVTv3JPuuUn9IbS1og9T9ReRPKOzKYBkARoIGzgT1IyZ+669nG
632a0823-504f-4e8d-a21c-0a8803891e55,T3,1qidzr+ewGMV835oamkJeQyHL0YVkqwRsXoPCnMgb2vY3kgTWnziInxqowmC/G57vKZNpsFvQeTK4/7Pp/AbbfzTmHUP4kXh
632a0823-504f-4e8d-a21c-0a8803891e55,T1,wycOWBa0cjMel2ePMzvGB8HaV18g5SA/cuuIRmb9cGFUDb8490Fbc3I87jf5MG+ahYBf1ZjCk6+lfaYKfeGaHTSX6neMZt7N
632a0823-504f-4e8d-a21c-0a8803891e55,T2,KkD1WFD4fzMROjQaAJAuGr+O8IF29tBhqYF+9wIdmXzuDyPoob4R95iRiGzxViZZ7HT0y3GpdYxYEPxdUymNMjbo//R5j/DQ
9a435c32-6f56-495f-99f7-5055fb855bef,T4,nVWcElVto17ygTjAnuh0Bad72JrZZgZ0RTnXNziwWqDMI0w+yEAAz+KIBTma+Z1x4kdHnqTTbhUF2xuqUmO5LgSYgOFxRWSD
9a435c32-6f56-495f-99f7-5055fb855bef,T5,QdpIwWnm/LDkaK55jb1oahsr/RsYsHZ5RzMxS4WzKGR7u/8eT3eBrSOaJMO20y3TjJ/yuhzmIdh5IYAAWT1nNyVgMFYzMXem
9a435c32-6f56-495f-99f7-5055fb855bef,T3,IT0Ugk7BV7thyFJ0OH+ldNrIQyqXMo4d+jsrnRN5fAwU8uDgrTCzs2MrJ1ZI/PAnjMkG5JQ9IoeW2HwGh2o5Vjbrbzwxt0+/
9a435c32-6f56-495f-99f7-5055fb855bef,T1,Ega8K28xOGeYG280SeZeio9icop5j5NA7W6Jz47X3xD9NlKu4wlqIVdQzD4jFq4yXA0N8MQvKOixyz0Z+TlobbD5DDfSO2xB
9a435c32-6f56-495f-99f7-5055fb855bef,T2,uE7EIteZdPer0FPQ38HOjYqad+/HsipHHy6ecj+tDkUX4et4beAPQCyxgSKJh+Fa0GShDn7LGq14Va705KDKsx2mgeK/JTi3
d9bfebdf-a56f-4d32-a149-3fbdb261ba42,T4,jPVIpQWcCercMfBxoqix1oMroI7ssWETFiV6+X/rOs/LZdSR8Tc96o/Xk3mgIKpyB2aOvAiRn/UhtlCYUm0FF/oeAs0eOKuG
d9bfebdf-a56f-4d32-a149-3fbdb261ba42,T5,Os5Ux0lveBpOYhCNbGBdW1wJSJPqtR23tTmyUpR3WaoXyI2BMRybfNw7GwOv/HSeDKVUL+pebfgN1mYuyUj7gIhQHkG3YdeB
d9bfebdf-a56f-4d32-a149-3fbdb261ba42,T3,LJjGfXpzlozn2J//qim6953pxugiL2Couo7hzfQudw2uhNf27ygpcmW93TAnz5ygRehCB963C4sza6ce9c8m6asgTy63S8lL
d9bfebdf-a56f-4d32-a149-3fbdb261ba42,T1,FVrtpWFi/37q0tG2/cUSde/bsdAsiWIjwDfZMsgis1Tyn30NOnMOoRtOMKqUoFybjoeM4kgBuZY+Qg9JxCeH04vh2/89LIKU
d9bfebdf-a56f-4d32-a149-3fbdb261ba42,T2,g0tJZzhVWDURodqPhnb9MQ5BhMSCWx6zfOIV4utJMG/aSwpWH9RBL2HwUwMQKZhq/0hEKrd1NQYZAmqRI7mH7i240tD7IIRB
a7010614-024b-478b-ade7-52dc6a814e5b,T4,NWZi6UsNpxNo8PW9VKFo0g8woSA3dNwdWR1GuzlvnE+5GgJTvxmn4fQn++NCeIjb+MRgPV8w+pi+xIBMjQqiL/dtuBpE7kHJ
a7010614-024b-478b-ade7-52dc6a814e5b,T5,UX0E2EIxanJg70SXglRroOAy+3+l02xCYwe8aAq7smelp9c8BB+Ks+ONA0CJo9GKPBH970+LIzbVIKIiKEyPb+w7YKpUzY4X
a7010614-024b-478b-ade7-52dc6a814e5b,T3,xgvrzlCHqKBeZnoxF5V4iSiOjLzrkWKS34nALfjV8DMMneKdFVShjMouGxb9uoxztehMX9zwivK3SihZrpek3WofBHDwMIuC
a7010614-024b-478b-ade7-52dc6a814e5b,T1,yxgAKV8jERO352hawXpWY2du1XGhkHxyRY7pXh5TbdZA2f48EfozOtcb7/rLs78PK1ebYSK+L8sx88TgYt3uQq7cKoZ4qmnJ
a7010614-024b-478b-ade7-52dc6a814e5b,T2,tOGhYI9TtZpiZ4hhbnZ+X9f5M5p00P3mY7tC1LyOd0t4E/yv1fZb4lcvglGtDF7gWNiN84a6Y6Kc38E3e60FgQ5lyWzOf66V
bfcbe92c-d4bd-40fa-bdde-11fc3eeb5721,T4,sg1dc7njyU9z4VSsftEtNi+KhRItfZgZY63vvM4TyPp56DtO/jHrCqryaZJhy14pnkvRREbDy2bGLECf0sdXeHDaeG70xZXX
bfcbe92c-d4bd-40fa-bdde-11fc3eeb5721,T5,WFzHXypnN1Ph4bv9jWTSTM0NcpvBc1RoweCmkg5DQgojozmSkkVtGv4P9fDTfW4IcqgX6pspXNvVieLwV9/z5qDwF3Q/H0kp
bfcbe92c-d4bd-40fa-bdde-11fc3eeb5721,T3,eHiC1MguLEDuicJTTsG+NXpIB04y6rv8QigYhs5ERAzoT4kpkkTtZOSAi+BcjZBPP7OKwDoycjoWDkpdAdXsHqoIAzGFqlhf
bfcbe92c-d4bd-40fa-bdde-11fc3eeb5721,T1,pNG1zROJOVBj1qIvGpeF0cd9WwKh2EnTMSLym41xyaYIHUmKDFKKAAW3Y1lDQixZfMKsx8lmZsBfJXSZJgX6AKm8k6jwswhF
bfcbe92c-d4bd-40fa-bdde-11fc3eeb5721,T2,WlMQ/eq84f44TnWBi/g0xEmsvoMi58yesmZ9YsFf4bQJIuTN6U/QXZBlXSmvhG5hoV4zrpIlq9M2zFXEAuat2w4EE1fcLwu0
99fd24e7-cc12-4196-a0d0-134fc1986694,T4,nTI5LRirxY78QKTd7qaY8D3n9j13HkEmerxBE3+Qq5SIadN3bq/yaWQ83ED0V9ZjwT0oAbwrOujOURT91T2K/8OJpEC36SKB
99fd24e7-cc12-4196-a0d0-134fc1986694,T5,eQlpDV+PPG1ON+8NbjYiqEX7UgbRvkGrON/WlUWwDOSHOIg6A9eVYMMXT2bBCv18nr+j5GsoPBQP0WQmHZ3AnhaeyUMWlRaO
99fd24e7-cc12-4196-a0d0-134fc1986694,T3,Z72HN0hWiW3ilt5PT9GEn7WYhSDdE4nHkpCE50+wZ+zO+c0LuxFQoRzFlghkPreCG0ELPgfHe21hF3vKmMQ9xzGxbGtQVUXt
99fd24e7-cc12-4196-a0d0-134fc1986694,T1,V/OMiPyMykJ4kVxpRKToWZgfRNdYC3CILGC4MmyeI5Oh7ocbzQl+h7f1/n//NO1IwxyML+tJyPHHplk93QG9d1bjIQosaSx6
99fd24e7-cc12-4196-a0d0-134fc1986694,T2,4KNTAy9j8HDi038odeouXY6MW+CKA1A/BQ5fdC0ZZeNt4tE12IqXYoTyKudaAWH2WHzzR+MUHkgBlGOh9A9gSTv+HHnHeVSQ
290ba462-e25b-41eb-a3f1-bf06c7e1a150,T4,k3SLiFKN2WBXsvx+n4lIuyFMGG7zKyAt3tvvTeJY6OV6KPY9DZlc2fYtBpAMasEW0tB3LMcZb4aS7aj9QBrOFjg4sBZmK4Fo
290ba462-e25b-41eb-a3f1-bf06c7e1a150,T5,MdpCKiw8VUTKBkoKzBmsrYXJTuKTKxldPQEmdjvQy1G3qLBAdhw5AyX1mg15dxs6YbEGH1DWEJHpwZwrwXpRBq/3DT85hdHL
290ba462-e25b-41eb-a3f1-bf06c7e1a150,T3,XE93pF8JgEF4abc5C52Ai6l7JvZnV7hXvTPQJdjUTx4ndmFtpQRF3tNocy8IfbD/6h3cgy/fJLlrwkdOEhbNFoqq8n0yQMd2
290ba462-e25b-41eb-a3f1-bf06c7e1a150,T1,Z/V8TAyBuTpLKgFDQ35wLs+bUG3s+HnAtmQASkfVJBTcvSPyylnHAcUH6IPb6JIvcWWsLTidr+RtG1hO3NiFqNU2le2toIDT
290ba462-e25b-41eb-a3f1-bf06c7e1a150,T2,MKrdiI40gkJQJWaQqSLzm1rD3wG7x13k4Mf/xmUE6yiYewgbTCCCaeuz9eVlVZVp2fdfmT5NpdI3HVV3UEX1SEuu60shHKTV
5c5088b9-08f7-446e-b332-a9842aeb466e,T4,dhvsynxxTa3ZpwqsBSQVfoXLxa6lSCefV2Ty1YDGv7ZmlyJPC45eWuGSEnv0DvxB+eKIIJPMiJYC4/17uuykuJgeOg0lp1eH
5c5088b9-08f7-446e-b332-a9842aeb466e,T5,B7+GtJR45dqyTvTdsAzDH3Kuksb7fvOO5A6awx+uxseR+Zm0n4nA/1oL3+5LN28UC5H0htvytP0bYv/8XXIKqAi8gv+Hd5tg
5c5088b9-08f7-446e-b332-a9842aeb466e,T3,l/CIc7ICy8qE9FtPVlUfzDN3Af03LhOA7UlqiKvvLQmdNbA6Ujxy2hxDdal/1tFO4I3pP2QkHchznCn1nqihZHxY2Ouve6UY
5c5088b9-08f7-446e-b332-a9842aeb466e,T1,N3Op8xsaMu2KfFKlwyrsqLrBy9utUljTIaOxVDYAuM4oMWTG5Le+2abQuj0aLJJYiWgNqh1OfluUEI5Ni40bo7pGrCh9A2VS
5c5088b9-08f7-446e-b332-a9842aeb466e,T2,6qmJ9E6281CJBbXFy8W8ad9NI4j8ftUj6hkQZvStAlgzpU70qhDwVeaGCkloyS0qN422b9vqV3t+aj0Z9Mtbo5t0mjoVanbL
af633158-1ae9-4357-a3ca-9fe78c7fea0e,T4,rtPCbX5uRoQxPeh6JHn4nbcNDwqcv6nRbrCW656R04kRpO8bCo8aVROVFSJCX0BvFvYxGtMZbtOtndYqP+qFaViIgwEnX9BM
af633158-1ae9-4357-a3ca-9fe78c7fea0e,T5,IEAXXbiuLrkdRYFFTvHi+UjsWgKVhvZnSsnROdWg0zMW6a5iTFNKlnhh+A1g/KKFhVoL72dsB4MVL1zHYeuZrIvr0gwkwa0X
af633158-1ae9-4357-a3ca-9fe78c7fea0e,T3,YiRaM8Jy5yktdRMf/Zr6MyuSqHCWG8UUCdTy1xAtV84Ae0+Uy2kEj4wjTiA1ukeZ656/LI0xL3y1aL9Ot4pMf+No1X58w6Dc
af633158-1ae9-4357-a3ca-9fe78c7fea0e,T1,ovjftZIogUcsusaaTimTUfptH0ZjSMTkiMF6prtIhaZ0XhmFu6T+Bjn5lKME0rqx6oRGSdEJeWizDq0lbobAM+9sFWdsQi3q
af633158-1ae9-4357-a3ca-9fe78c7fea0e,T2,afbVN4UP7IZgfxi/iR8dRGfvt35e/QVWPGfAJ17AqDIjrxJfFovTG3AiN6U9KsuN+GPD4uTR/xNxrnMz3s5pOijF7wj4a0Hs
0f90b0aa-f539-4c3a-ac06-48b54ae03ce3,T4,0GqiUVcD6iGZwPf6uh6QvMnF9opYGrpxoz0VXQyHRB2XRayvoIgih1Ccbk7va3tWlfrdM2QvPKQL5pmQqEAw7WJ57+iZyBFj
0f90b0aa-f539-4c3a-ac06-48b54ae03ce3,T5,OJ4u1Eq1g78FlzhPM1wCXaUCnQfdbsrM85m4ayLsTOz8Bwd8WppG7I2g6VFp+HNPma5X+MqNC6QjpD5IjuVgVy5qO5eKzxi/
0f90b0aa-f539-4c3a-ac06-48b54ae03ce3,T3,A68jvuVtwnhv3xnn635oSQ5Pjt9STpFUk1Co8IB29S8SnA9pilgkGBZtJo5VjzpPIFXbXxjjtw6Bp1W1/zk+v+cKP/Tv0xFv
0f90b0aa-f539-4c3a-ac06-48b54ae03ce3,T1,pCsUx8l+ekoG94mRpOk5m/CGudUJ2IJRO7yomfpPCulT8c795u5GbjXvFuzOJmvDj+rMVHVFwQC7QOR+/+/NVhXuKc9pokr/
0f90b0aa-f539-4c3a-ac06-48b54ae03ce3,T2,v3aKussxzZASiDB7kWS4O+lCVS0YQJBxQDs+DIikJPnABFgD9jOb/uFzfLxJFKvkhI8CnsWKBziv0u61hxRUxCyoZlLcT4jq
ad7d1c40-052d-4f8c-bf7f-fecd5a735717,T4,gbvpJpyKyTvTi+xRxfoik6UC/l3Y0BPHOQbWd2Rd686NSFX+Klfx9YCT9H7C6P6mWaEeNSZenCH0hfBXUDiXHEMOx2x6FHih
ad7d1c40-052d-4f8c-bf7f-fecd5a735717,T5,1SxILzgfjEvtAbTvFIB/jeZ0VpOQ3QP3pDSiHO13AOAEAGbNt037d99UKaGc7nuf56aBltGMi7cZsmrWcwZfdfccnEkfkqjl
ad7d1c40-052d-4f8c-bf7f-fecd5a735717,T3,vJgmBUC2tgIXKGi9+UvcImsOYWqEgEQcC4NWlIRG6zFOVxhmZ0tY57nhm5ojLbpgnUeDfCgdrv5JAwJzQ9CT4F223BGoFAB8
ad7d1c40-052d-4f8c-bf7f-fecd5a735717,T1,7OY4i5AGDgSHq/iSWCetC8F0ZYPNtdexoFswIEKUnFTcBMs2FMvR2q3pFb90jJMrRV3sWNtiyryUb4KKhI9XcCX7Sl7Y793G
ad7d1c40-052d-4f8c-bf7f-fecd5a735717,T2,UKd1KkSkU/kluVYPpAa0nS4YnbSJL7DKTUnFwr5/pEeGad8X6GZW3oC8quEYUdDgx0HtiRaL2mchdu38lzkLJ0p+DswD/BZF
689f099c-60af-4827-8619-85d2e1d67309,T4,L3Q+eP4kvcpVD1zp0g3Qgz2u/N6s6hKck7dGiKna7UmawAqYrnJIbFhlly+BxHWptGFAXvjN7ke8oCmPPgtwrtp6tKfxdPVn
689f099c-60af-4827-8619-85d2e1d67309,T5,Ik4yyIav+o234CDe9KW5vYPbdMmMLhgJJcjzV4rB6bpGddRz1TtBWBOzI6vQcqua0vaJhv5jaeKbpuIVyEoqG8ZuS44/FNQY
689f099c-60af-4827-8619-85d2e1d67309,T3,WkPw0F47rT1/f0l6S/ZI4jlx57aRzcBv/eCVWzyGSKh0wL5QrSuqDIyXwHAmAFm+7zRIK6anzrMhOXoBXdK4Kjl54zXu7Haj
689f099c-60af-4827-8619-85d2e1d67309,T1,BA5Djy9B26XjqzSVvMDbQcpoCnxJeVD22wDuRHgRo4iVeJZ16WF3Sbjn4+gXM+7IGwv8cYYHytk2jjTYpp37gQulWjmscytO
689f099c-60af-4827-8619-85d2e1d67309,T2,Sr8eDV1M4AuPijrOjD1RGaUB//oZQH4pC2WYPt8poyJPzFoQ7DrCsl3DUqVSfH94Z8niTVNQQ+Hu/Wv8tcCFIIeaWBIMdUGK
c70262cf-3c39-41bf-9acf-4f3fdc0f0492,T4,1eyVxjlXZu/rhVJ8/dU0tut/YJ83vZNQuGfl8PX6hTCfxRR1ACjKUJpbxwSGmbkmOLP2QZhbqxeMOTNOW+NgmcWU7RT8B5S1
c70262cf-3c39-41bf-9acf-4f3fdc0f0492,T5,SGCZwvFrIb7qWL9Hw7ORSk8Zu5ZVGUCNanAIqruKMbzaKDvkMqz34Ny7Kkize9TRhsn3PhTjKG5erPX4nxMIfh8oJDMl7MGt
c70262cf-3c39-41bf-9acf-4f3fdc0f0492,T3,nQTYODhUtBkrvbBaQ3cpK/kE0IoI6HDOHMxSQjxGfdsmVRQjXP+Vgbp/YmD7QEtqAEFRBnHrknK7mNGXhIc6MfcWlul6RGg3
c70262cf-3c39-41bf-9acf-4f3fdc0f0492,T1,Mu3b/9XescpICeuRPJQND2X72xEXUtrciQt5BktAAYD8zGvP+9vLt1VcjmlQooaCrlPA2jwjwN32gNZUjLohDtME7ZmU+4mM
c70262cf-3c39-41bf-9acf-4f3fdc0f0492,T2,QUE8btNsXZUqJG87KPTwOiVmSksbSWVQEAGBDtDkZ2nbYlC849nmT+ZE02TqxbZZOkK/s9xau22fhgyzzM/GPF7zzGE9BmBu
72760f82-71c1-48d3-bcd2-cab5e1de7849,T4,CK88LMuF/1hMUcI65kmJ8zzrpp4tsHCohsJEQ8MZWyHCBA9frIbYgip6H3xIFCcwJ+//S0zffBw2ZWkqWexGK0fip3BKQ3zf
72760f82-71c1-48d3-bcd2-cab5e1de7849,T5,FU6o8782vzKwuirMRGArv+GveiMIVxgitGUxOUcrGkNmaLFJTL32auqzxCNmzou+OGZ75Zu3F6moQZQXUUIiKVQqhW0eHbYs
72760f82-71c1-48d3-bcd2-cab5e1de7849,T3,2ENi7MUnmkSsH0llfh/bAjkoo7LwRmmiOtH7i3Lq3L+T1CRWO+8MxTjHNvBRggrvcQQCu8bdOoKFtp0qer5ub3ZvZNdruSWI
72760f82-71c1-48d3-bcd2-cab5e1de7849,T1,C+Drm6cByid1F9rsEKCbxfPBq6ibaTv1Yhmey8sJ73VTdBW8H+tbr/HqhkDJWlKUF5w9QtA/MB+gws3TRzmUnfEf3C0jy24f
72760f82-71c1-48d3-bcd2-cab5e1de7849,T2,s9TSBnWSD33SzbUXUag9H0uvz5ZcOSLWpLi0bBl8XEwNQQIg4EqyUlabsPZZ+w69y1hngLGq8ysORC6QTLCbtuPx3nU59eFE
eaf621a4-f63f-4ab2-9e80-76d9c36cad0a,T4,MH/wZApidecouolUh/U1l4WTyGclYFDeSBCmdXITeUwpMH30mhgUnAazGtZhPNYvn60VCAgng3/jTqZ0BfOLwc5LP4Eb1mvR
eaf621a4-f63f-4ab2-9e80-76d9c36cad0a,T5,aoGad7cwOuqmqNKTYWOoe0v8SdB5GGfSfjppvLJ+V/M42haFgJrl/LNp5ccNonC1KbW1sRMz/uLdppuyR7rhoR214t9W0K8B
eaf621a4-f63f-4ab2-9e80-76d9c36cad0a,T3,j0+EwP+bTdn2wXiYDO5FLklmUb6zmQkoHaJOFTPfTrztN55wiO63+epWpJujls9+4SQPCw4BC6yEEKGkY2JJU3dpXtTYMuBt
eaf621a4-f63f-4ab2-9e80-76d9c36cad0a,T1,96bHMZJ0MLALg01r2C+bfqi+1aIdwFSr87Mm4PlzgyVgv9j286Y1KBkabRi/2NsPwq0heldxllsVNslNfHlC/oKIPay354WT
eaf621a4-f63f-4ab2-9e80-76d9c36cad0a,T2,2ZkLXeUEme6oqfKZeoWap2gEEOIM4EqlwfYoNKk1j4fJgZODrXz9PqXe4fxeu+kKm8dsOns8xHGkK3+sDv8NcmgHjR9yC3yQ
42ab6dbb-13fc-4cb2-b503-c62f5c0a3d0f,T4,iT9dWbGpVdZaFM0+mmgA4GypI0HBVVozNwcTiM81ih3+Bn/BECNqaozYxVNQ0xfNylhASUwl0UUbZTFTtw+Sr2c9Sk2MYDmR
42ab6dbb-13fc-4cb2-b503-c62f5c0a3d0f,T5,LpInMG4lOB/CgJMVUKAE145KkZsdsxMiNHWZSqdzP0TC8dVhTzvVBUka+tP65Gox/RCrrot7O273OPcq6WMfMEhlRPRB5IAG
42ab6dbb-13fc-4cb2-b503-c62f5c0a3d0f,T3,R7kY34xRXd099khhSTeEWwmy4b9ADGiiBVpoLsLXDE2bpsNrnqxLkSAwEVeDhWDskSI7Qqy6jHGu72KVDdRVj7ucwhzjSREY
42ab6dbb-13fc-4cb2-b503-c62f5c0a3d0f,T1,FmjsIzRZKE31zclOXXVBBx7QT0zU5eaIp2LLPe5Klkqibd7sriRB2gDahzhESkJ+ByQHWS1od2RCUF7qWn6PpjahDO7WRo0Y
42ab6dbb-13fc-4cb2-b503-c62f5c0a3d0f,T2,UpNPLHG3Z9xCaLBIKL2RL5PendRBliZZMQWS2u0r/81i0M3PZStsRgfF6AHIayRj52Y32k7riu8W8WnJm9VGSuqmm772SK8Q
f9d531e8-a537-486f-91b0-a1332d8214ea,T4,lS+sN1NaLStA5yFgCXo+fhe5N/sgVWETFwhdvDt4I0CZqCpw8RGimZPZ+jn9E4dNIHzQwuIi8b+ln4ujRJjiuX9QLr+KvRuy
f9d531e8-a537-486f-91b0-a1332d8214ea,T5,39Qu6lyxe55YmnuCM63GVnYEhsw6Bou0EPLWud49Nz92qQn6/SQe3pbDw3YWeC20cBMcgSDaKnIzDb//gq3lzqhmZhyQcWrE
f9d531e8-a537-486f-91b0-a1332d8214ea,T3,Gfl+ObscwQrZdSExtPbF1firJBAqBTvMwQKFm4h2zXWbOtmVMKk642/uJeUTvsxz/hQgNbLiyy1FRd/pqucVr6AGbvTmOmt8
f9d531e8-a537-486f-91b0-a1332d8214ea,T1,magTUIQt3hgPOMkoMIHFdqISuw6N+hU7SIb4RvT9L01uXChsULxGIA27emdujIbpl7SbUha0X3rSvJ2n2Xw7LkCcnZ9+dsuk
f9d531e8-a537-486f-91b0-a1332d8214ea,T2,c1sN4+nU0kyvdiNGQYTA+np3mEgxdNDQnQgfv/cGjnvKMaASEIJqUv2J0BvUqS6AICaYdHVPDgZr+qiXsICXag+6SgRXS1uZ
4c0f00f2-a83a-469e-95b3-516352694f47,T4,rpJmXMn2n0FkSCDUdxAhv3NwQM1xsZS7QiBG6QTtVQLmMbN11AlWBYpkC6dOmdpxgSdJLt07bWp+319wldCcW/tTakMmfqNR
4c0f00f2-a83a-469e-95b3-516352694f47,T5,gfEukLnGQRHM3nmpLI2a2xEeaRRgFRaTRzhdxDNJGxdmHOl1fhTsfbN2cFMACQ0VNUvtkbzwSrnJNq42poDX/6Fte04VdQeP
4c0f00f2-a83a-469e-95b3-516352694f47,T3,uPLLWCxXcygYEXQQnnXUzTlhSyo4UrAKRXeVzQUrUKuGryto8+fUQC49ulMNgAdqLDJmb5ULErXzDI4B2cyYxGBIgqmhOVNm
4c0f00f2-a83a-469e-95b3-516352694f47,T1,B7jY89QHP2r2wV5DQjUzjiXHVMqR2D1dEFr5ovYh4x1G8oBGLmRA1A5sIn8OTkY39vajl9G8gfHTP0FmNKv74/TZICE3WPJF
4c0f00f2-a83a-469e-95b3-516352694f47,T2,nsCE/N8vrCTejcclwXjOWyyE/sPIARguna+k1j6oVDuOZOtA9HPX9hNOnef9bCz8ysKqj/YNsgyz/B7y9rLF0UdUUIRo3l9l
cd1cfcc2-c390-440b-b1bf-feb44f093bcb,T4,3kAsnaK71stEFcMXewfEVc1M0aBLNLWszEuwMqYggIaCm3OQBNK3GtoTetShLXi3ImTUiH1gWZYCbiTarL75DOej9/vF4+l3
cd1cfcc2-c390-440b-b1bf-feb44f093bcb,T5,2OvnshkHxMTMOCguCj+l0/X4vPe6WXZQccmvkIGmY1XDkubTIvrYxrqjfkq5ueU/vRzso5DyVjdcQZCbYAOVE2Zr/tuJxpCD
cd1cfcc2-c390-440b-b1bf-feb44f093bcb,T3,yCEiNHDPZJIwU/Bx6W+cXTjaClV9/iD+uAwhOjbday/MlVgwWDkuG74lHihJhSvyYEloBCVy+URLkD0ow5Fn8KaUkMx4L6aB
cd1cfcc2-c390-440b-b1bf-feb44f093bcb,T1,Bb/jBNCGqpwJC2A3Nq2dmcAR1SSsFVDUVrWJ3ff++tr3WRSToby5n/ZBSy1ypgTZ+CooDNJGzNYRWMooHll3CgIZ2/dwQSEK
cd1cfcc2-c390-440b-b1bf-feb44f093bcb,T2,y4ING8SDRrzoA12Y1T/nigm6ECevzi9CeRsF65B72/FtOSgybZf3FnVppPFns18tFcwZ6yspUMvv1ZwelF7ai4DcJ9B5TqcC
f4c4629e-0969-4f13-b532-f761bea9b808,T4,oOFgRn62qoVjLtJrXavILJ+qSpB2gvW0Nt0m5QllRaGQHOGZsvoQ7jD8TE352NqQaaJY+FkjR3Ct9K9ab6oPALOHkODwJ+GQ
f4c4629e-0969-4f13-b532-f761bea9b808,T5,snbLTzPSEhYAlW3jwsyDtaekidOcJasC333FlmNoqwW5PqFD93rI1GJdqBaxhdpH0jF+gPl3CO0MrztGrfAeaUZ1Pa2jhCFt
f4c4629e-0969-4f13-b532-f761bea9b808,T3,G8CcemrK8TtXTn93xXGydIJfZebjYg2A7yaSY1jGkaKwcgnl0C2wU5Ql0JaO5hv6ft1YhZMFjCi5hSL5u+d/EvBdSGJ/wPnW
f4c4629e-0969-4f13-b532-f761bea9b808,T1,OFqkMyY3f1UyOgdqtHq/az72kzIa3dG+4dL3hgBQUMcQnd9eMLueeaWpWVwtqRZo95Aw42z0WROVth5XgZtJB96/kBlE20ce
f4c4629e-0969-4f13-b532-f761bea9b808,T2,lwYbWEq84jw/Gs023tsKs1wROtO89WFkTrYkYSReME0zz3WJz6+9RmN9honQF1BuI47u/bzj78nw829cVeMo4wROOEqWJoWa
c273505e-7bc7-4551-a941-8bfd765a7f31,T4,FS9huMptIh1alRti4Lv0Nk9oCfWPADZ48CD7InWxZ5mjGhNqId4816pWeOrn2TU37zlrqLmUl1eT7CPezZLq+vGYxM3TSKHs
c273505e-7bc7-4551-a941-8bfd765a7f31,T5,WIa9yy0Bn2Ti5IPGuUIMKsCYK+0pXoxVFw5p6TtGax1rprQdMv+nU1vP+RHkY9J8Vti9heuciOXxjInI40raRwxJupSCumDw
c273505e-7bc7-4551-a941-8bfd765a7f31,T3,zGhsfQ2PQxps3Ogp1fYLoZHMCCd8eLK3jZXf0P8FyJmIn1gMuIs2I4NMRTHorRvJOTIgtP21xQTqCH4CCw4M2OcxnmH8/nje
c273505e-7bc7-4551-a941-8bfd765a7f31,T1,KtvjDvcNVSFH0+pt/qB6QMMdIOBSQtqC7dWlhB2ktMzULWtLHYxF4DPhEW5PFM728xiMOBOBqBpPivG5aQ3fkgbWtqd121SV
c273505e-7bc7-4551-a941-8bfd765a7f31,T2,XSCu8hzEDAVpk2qkBr3ARd6lgXgt5M0j38Q0A4Vs14VLAl7wX10QIvvf39aqpXDmjMQ0Hm5ZFwpD7dcsnnNZzleyKzPnyLTn
8a22359b-3780-4359-9b48-ed8b95e181fa,T4,+HAm51znLJa9iwhNs2FzQBQRud/dFt2fmoXQR7uBY4gwuckAPVQ+816eVLC33pzPkHkJhuEZ5JyVPMRYfWRMeYFpUFm4JcsJ
8a22359b-3780-4359-9b48-ed8b95e181fa,T5,lhXlZ4mSYXd232B1vTkqjN+QgNTzZyD2Ck2Z5RKSG3Z8pYtbfs8+FT1MRThhP93KS70TMOySdLn1fb1LDJHqCu0jVB7ARIU0
8a22359b-3780-4359-9b48-ed8b95e181fa,T3,XEepRfUIMRQSpNYkppcdkS4Is1dFVHiD24TeOZQbbqEGAWVEgQoo0R3Tvg8qWyQAWczDWeGk97BHlXiq3JMpcpwoQMyCNLSJ
8a22359b-3780-4359-9b48-ed8b95e181fa,T1,onuiUUzN6B1yGaF336xIjnz0ycN8rG1mwmwuAUyy1Kq0kAJI+yaW8PaGYLn7BOmZfBvCjmEehPFZZ3JgZkKOzl3fnZcq8UOw
8a22359b-3780-4359-9b48-ed8b95e181fa,T2,W9XuRXmtkjkTYha4X6nwgbJHB+FTa+Fagn84xlG4yaCsG62DNbb10E54qzFrpi6zZgSPobCtNeTF5ymiJnC56wwl8DFyZLGn
597f903c-a7af-4695-855c-816c90544b46,T4,f+ZPWbJVwt+fWKWKyLSRgGm1rFC8yb2jHrJGnOONSA9szxmM+IOzU9ggDqur7deMD36NN+1u9BR+7kwaVVVyHVIV0qnrBMQ1
597f903c-a7af-4695-855c-816c90544b46,T5,UwGrwm1sMtsGbF6JB5Xr/0Dgz74Po9C325yl8ryAiYaIS9LgyV1D8mvhXgDcAWCClGalUS0/Z1kyymR9nd/O2lW604rMDc/d
597f903c-a7af-4695-855c-816c90544b46,T3,m4BWE+n30655lw0lXKWVKNmF043LOKNBadxT9rRUkFCX0WSFRlMTDu9+gLt05DzjTRRNfvqA+s7Ow3j+EJrvyxQHIbNTGE6r
597f903c-a7af-4695-855c-816c90544b46,T1,yAf+qRxPorI6PZWf7eEptz7t988cnAy29O+tNP1W01QH7Dwk0sI2Z13u+XiyudOY4vLKsilzzajQbMxcwAfNWXvlBu9XDTO2
597f903c-a7af-4695-855c-816c90544b46,T2,oFoHRTqP7XivmUChQJGBQvAnynSvTsGl7aY/WJ8BPp+dcrMF1M/szC+3zazAKeda5P9JT4UVaXNMNcrfCGm5K3oJaS98Xyz0
212dd481-6761-48aa-afee-a1fa3dc31508,T4,NldXdZdwNMybf+avkc7Qzlc3Bf1ijU3YowkIHSr0MKMt9DF3T5YoN6y+QJ0tsm9DlLlOfaervVhIpuHASCmiLx1bosfTj1b2
212dd481-6761-48aa-afee-a1fa3dc31508,T5,4kTFj4U9bW61uitjqav7BixwNcIuDvm6ybhWi0xLAlG6qWIyAlImhaPbXT8AWv9F+qlBfIF0tQ7hPb563hwtlpGkvUpKj+2r
212dd481-6761-48aa-afee-a1fa3dc31508,T3,H1tuYl+SdyUc6nfIWMHGHEEn3NOOuZrywfRLGpSZL5Z+m9OcYtIkzrLm9gzYyEY37pLeO96NT8chGt8+F7atG6t7dLOH4x43
212dd481-6761-48aa-afee-a1fa3dc31508,T1,zUtDZ5+vPDs+eUAz269I2vOwqfjSmmgfkT7ZI4h4C7AeTMxBph4OQ6W0VIkBQ/GuoiSGFdlOn0ZEI8n4nQFk0Sn50HwbbM6c
212dd481-6761-48aa-afee-a1fa3dc31508,T2,KS2rxSUZW308n+t44KdTKhHYk8EGKmvGhUIUnMCWQpYpe3dokxlnrKC6L0CFGxI4wLLqQNo/RndCCBqnWQg1H07jPGr1ts31
cfd436a3-5fc3-4458-8b2d-b4575a689fcc,T4,0oIM5ASAId64JCX5xvS+729RjGq4qTghiYBIPhv7a+u3UGwBC5jAjv5DyMRU9SoMc7U879/M5uLChK2mXh1yvCkl/0848xWW
cfd436a3-5fc3-4458-8b2d-b4575a689fcc,T5,beoqehuJs1xPW/owQkWyawrbRrGXrVBEAxGF2jzk3pk7SNl2bNyaeQxBnyojAhQZ5DXyas5bV4h5hTTsvf3YHOVyhPoiBJis
cfd436a3-5fc3-4458-8b2d-b4575a689fcc,T3,+HMaGv4zqwqOoKfq69vOBPJo9Ve2jD1N6uDU8U/2hIxdLIac6PBIoFLdEJ1U9sVkGHoQHmaW/a2jTox5Xumwzi0fs6Lx3ATN
cfd436a3-5fc3-4458-8b2d-b4575a689fcc,T1,xyxvFWwoiXDtn97i7e1I/xXUY86K4zN2LQEw6meLHTZ8dRMvY+AcYcWA1faAvS2ng0DdZPHoQiVpbSnoG5kSr7TeidLkobuA
cfd436a3-5fc3-4458-8b2d-b4575a689fcc,T2,7NavmbaWTey/P9W1FeXCbq090az9k2MJJ5UPDisE2GBrLaCfWAtT2roFT3+PX2imkrUCXYjHlrQZgoTxjaLXowQcxyPFldbG
95d49228-bb96-4dc3-b9ee-620febe46e89,T4,4QWFR3NCo3MotRDmuIdAMGw3lu+yJ/uQWl/WrKi7haGGLgBnSPxrUVEZF/AEuojulbYeAVUoHwSLQ5Qmja03pD81wSLpVYBk
95d49228-bb96-4dc3-b9ee-620febe46e89,T5,BBie/D90CpBMd2Z3VeYk4Ia+cG3rn0ydhr0gOvteIFtVeNmo4HdeuX3KpW0scgsNdR0S/7Ejwdjwt4Nnspv2VNC/v/rl+u5b
95d49228-bb96-4dc3-b9ee-620febe46e89,T3,AhDx0wW0KAYTQ1ZW58MPb1xOpU53k+An7z1XYYWmHkkJJkU8lw1mvo//j/OTBfycR6FW39hSb5mQ6j86mIyDNMKoG5lExhTJ
95d49228-bb96-4dc3-b9ee-620febe46e89,T1,Jx93adZUutWMux6s1hhlYaUTiGwOAv1D4Y7A2v6TEfv2KkYG+TORUljptM6MOSSUlSVzGj5iVnUEHhy5nI0JI0m7lv2zaLzt
95d49228-bb96-4dc3-b9ee-620febe46e89,T2,1nDNkN1IocSoHzh26RXXIkLTUkjT1MCOXlmGrE0GGfbraKZ5D5UgvzBF+x5zekf71Irpxj4QPDkLLf+rUerahD72D/sbU78S
2703c28f-50a3-4ae7-b4a7-d74db9ec130c,T4,JHVH5QkaTAgIiFWUADQ2ZdMOsM4mTx92PBX6HR676BcsZAydR6/U+9wddBrZw5JaSYozOVuQqGmzr7RmwRmqgeHNEE1yKXfA
2703c28f-50a3-4ae7-b4a7-d74db9ec130c,T5,WXkwynA28zWOAXKTzX7znq2WN7UR32UihvVAWeBiGBTokW+51NFGsJlmOkqIdVIcOmsURS7V3FpFZyN7J5Mr927Y9noEqxMz
2703c28f-50a3-4ae7-b4a7-d74db9ec130c,T3,BDC55idvkNWmeoVK0/jxJxh3zw32YK1dtQ41iBGx786dk1RE0T5b5AV0z2BWvAPQCS1gp+cWvcMqDJOR7ovrnpjCP+tJwWaO
2703c28f-50a3-4ae7-b4a7-d74db9ec130c,T1,oMboWjEzO3C6sKW8FTm6xheTWvK/h78VMNysPlhN0U6uD7xviA151hFO9NxJyPn3GWU/uKfvovFNDCcbM7TG/jA63QzA1Kbe
2703c28f-50a3-4ae7-b4a7-d74db9ec130c,T2,8t8OtV9Abd7kPXmUJ/iygiC1U7feCNoCWmaniAAOz3tbWTIAppWOCG6iH0hfsKtNjkHrr+ZmydVkAwO7BiLW4F382BYpH+Q2
da210a89-993a-4875-bea8-0b5af309b076,T4,21l+/kQaYtjqDIW/rePkAhC1LIttqp4jLBEphMULj3mtROBdegz7V8kL5ejVECoVDC2PlDTaSsdlMdvIAxPaDNEhZ0oLEdV/
da210a89-993a-4875-bea8-0b5af309b076,T5,WSyOOaGzFO67LptavLQBg7XjYRCZ2pLpWvg+BsJZJGCpijm09w0KGbBEYxL3nTqITRGOkBDGpzCHG5q1QT7Q6SXWCT3IEILT
da210a89-993a-4875-bea8-0b5af309b076,T3,vF32AgxlVygQnjaI/0GhEGluvUwB81bdqCVCV6JiDNwmzs9iTaKzNSBwmNDOvgaC8kv3y55tzNFwPhp4JODhMYkMkjm73U3+
da210a89-993a-4875-bea8-0b5af309b076,T1,MBKmM3getncIQUpslMTVQX9Oqel2Tpt0s659f66R5CgRP7bgYA3tNybO0o+6cxLs5YcsDm6YB8t/q+hA3nIKi+RyxBTW8qcr
da210a89-993a-4875-bea8-0b5af309b076,T2,5oWIE9lX+rRpuz46a056rl4SDBi30c9FLT5LF0sJbdVm+f+nlzRIU0+S2m+atAZGcMOds7wyWr2/UM3zkGp28AAX5P5iRsK4
a45caf84-d7e6-4b64-88b1-a871d7d3c14e,T4,AlkpgpK/I/TPO+vPlFvyiWiXnBSGC//okRW271gnYP3/+J0vC6FI2F9r2T/pQwRPaspBmK+n304638q5L2iH2fPT2QTx4b0D
a45caf84-d7e6-4b64-88b1-a871d7d3c14e,T5,uc1G0e4iqcMfxmPcmU+8fjEX+RcXbuwH7733kmr1ytmejSF2SsDIq9oV7kGRcOe2YIH4MZ+cFHN1HtkUWyOA85jNFiSdRgcp
a45caf84-d7e6-4b64-88b1-a871d7d3c14e,T3,NU93c07mXr4nTxvwxxxELf5InbilvW5a5T9UwgwcSvLYqM2yNkUbA3PpIp39HgcSr2Pja5W0ypbV9xYi+4pOSVwlSzz8kdlK
a45caf84-d7e6-4b64-88b1-a871d7d3c14e,T1,lUMEnSNSpTWgcCLg+jGLnVgzkLIpX5eq3L/vw2dFUQvnwF5GWhzntNSJajGZh0Py24gI8/AcbCYUVNYmo3zLFZx2f5MrAz/u
a45caf84-d7e6-4b64-88b1-a871d7d3c14e,T2,Xu2PQ3vVt1vfgK545++WiHHnTPHOAHRcSrueQmkEVfYQwvqjM+ncLsNV7VbX0xMIAb2RsQBAYdGX+9UVYNohTHyhqRBo1f5v
4085cfe9-9c63-45a9-98e9-b9e606c27b03,T4,RdILwZviGz+/GxmPhfuCqv9rEYPwQyNiShtYOtUBbFlWxVWIC+x30yy1huqL9PCUIFFNY4HiXPZUKWlgBgEXsSf/Bovo1EKU
4085cfe9-9c63-45a9-98e9-b9e606c27b03,T5,bqbFdc4azTdo+AgWpGJW4GLBXUXPruHGlJE/CmQk8C4HfuG/Ps5Xne9yb6xxR4JLGtUe1tFyg/M47JNW6fXAjuvYx4Ui6XWg
4085cfe9-9c63-45a9-98e9-b9e606c27b03,T3,pCQcnSd2bV0DBAMvnBJTZAlZjyyxmt84+QA+upOC5movkSEdpwp2V6P5HzBnHxcm50CuwnvrydtkdH2Uzm8DsY8zpeozPiq2
4085cfe9-9c63-45a9-98e9-b9e606c27b03,T1,Tp7qLzSiC88xs27xNGZS/HXHLgA1HMjzCnp46PWEkmigA5UaJDa4rEEju5N6txH4/nph/zMp5mwV35Af44JtFKAyvRAjh6vL
4085cfe9-9c63-45a9-98e9-b9e606c27b03,T2,q2vZzDLWCEXyx13Cl0uwJoTiM3HeGG6m9w8fNYXB+fehThmk4tV7nNjSfWZkloHejL+rBF8Fe5LNBjc3L538VmdWvjdSPwrF
bc0b8daf-0433-48e7-9eeb-23cedcfddcb7,T4,zWAP2zO8Ja6NNXSK9+OdoFUlmJ8joPQ6nbaJT9A0TFZPDVTU2hLIWPOev4pHy5alCS5Fc5/1bancsAhG2DsLxxV+OhJ1UO98
bc0b8daf-0433-48e7-9eeb-23cedcfddcb7,T5,7Li9Oq0tkY7XeBI9Ii0usbawuxU/k8kiF2oel6yT+23tGRTNvZ/RaD3RYGJ30ZjFi+PEr/juJrJXOpQgz1MYQ1NUUoeEtMW8
bc0b8daf-0433-48e7-9eeb-23cedcfddcb7,T3,jZ1yJThk3FyjUAXMxdnkrYZXDxFdTmyKFgmOUTICKta1uuLQGjIUGjX5xW1tp/a4/0giJ4eSnsBgLKLTILPNVQ46+NT2cpYq
bc0b8daf-0433-48e7-9eeb-23cedcfddcb7,T1,VIGAstFTzbI6UC+ebLvtWAVhNwnOAVY9LIVcfAnUiaXRL4zouCu/9u+dww09JWhGBdABaM2ip1vLvPVuGybrpchz1NS1Ebog
bc0b8daf-0433-48e7-9eeb-23cedcfddcb7,T2,UM934l3rgpy5RM2rBBqsEYjSS6AlvC0EZDGzO1xK1q5mXO+CCAZpWQWoB04gFtT7q/5Qvw7iTwU34BGJHLqcPNwTEAAdeyod
843a726c-2610-4f28-9d40-254ac88164bb,T4,bVy/y3sqP+YbjtBe7s89WO1sIsE9M/0NtQBYagek1vXg3f2Ab7b7uZzCKc8XUP2KAxF5oECQTN9AIl9ZIRcmTs1dLVMH2vB6
843a726c-2610-4f28-9d40-254ac88164bb,T5,OPUMZLIe6YCWjh578EzVgY1o9YCo6ZvQH/Kr7JgpR3E0GhYVfhG1lDCQHvIhR3E1mysnfZd5G88E5BER7eie6tQgwXLwYopZ
843a726c-2610-4f28-9d40-254ac88164bb,T3,+iv0iRwiyDY0xttYYGsstxHfKJJelECJ0padckQczbPydMQQ7YoPPWUtp0m24hnACfWhNcLlvp/Dyv2ejd0bqRRy0gMeydNA
843a726c-2610-4f28-9d40-254ac88164bb,T1,dOBgDNYv+xBQ++4/HgeXhUUSzDW+BSIdiysHnT3tmR4w5sUVEBor0UFupPOMwmparbV5xRsneCkDWRuuLRtw6rZCRCzqXbUC
843a726c-2610-4f28-9d40-254ac88164bb,T2,6iUNg3rI6CikVEZoEYJYruR4jGg92AnLgqy63hTmZtK3iNkGI2t4DVpKtLTnNSE6u5VGVkAzmDcWIfvDV+TS5OKr7wAt9vaO
b2b88c8e-aeee-4481-8812-2c40def9a6f4,T4,grZCD7xY5jDbDTbvALQaaWmTBJOia5eGdLK/5wo8IDD9E8nwaRW1XIKxTNf4E4gg0YrhJN4wI/mIRkT8qANx69/vicgK0A2p
b2b88c8e-aeee-4481-8812-2c40def9a6f4,T5,4gll5ubnVbC7bRiVJyP5OlNTugAL917X9naR9IxuPuZJP1+5+7sSQCzvhs6ZG0I5wopsGoYJ29tCfFUtnRg5cgw00qHEMcey
b2b88c8e-aeee-4481-8812-2c40def9a6f4,T3,iFjxRXS0Kj2fKsvmm0YpMlRVUdV3jF90xRqgKypF3yTlMsWaQrfXL0gWtROOXsG5Ra5ggFtZiC41RLAHslt7xjOw5AF0deQ2
b2b88c8e-aeee-4481-8812-2c40def9a6f4,T1,4P09q3amr5Xc4cJqDMiGf4BsRfNKQ0+UqMBwUsyAfjt/Hzd8g9chGWCAWGYyhDAT9DapmVZtbhSVmY+JPPR8yTEGWS0TSAFU
b2b88c8e-aeee-4481-8812-2c40def9a6f4,T2,JkDWQX3W8+f30SrT7yGbq4dcMOoDDNmBvFFJl7qcMBeCEmuyj+7aC9Ck7mpMhT0vx8bwPJ1H74QPBjsHiuhg+Nhs2fEKScCh
e18f9b24-91fc-4d1e-aa96-a37e11f3c96a,T4,tsTo93y8bp7K5ospIWbSfiHn+gMWPm/1uL3gDA/X7cQle+7LIMGMc5rokytCgnE8pVI7pzqgNTk5N+786nxYk6O0sQVgtNXv
e18f9b24-91fc-4d1e-aa96-a37e11f3c96a,T5,Yxw2iZ6MbyUj9vLgl0sb0SqzG3jjGklTzFkEuO1RrNt+8uM8V/9ZW2tmq4GfNo8LjTd4H8oyQmK3f+Q5FQVySBqs5X0U2E0f
e18f9b24-91fc-4d1e-aa96-a37e11f3c96a,T3,Vpxv+7+uavEZ6US5q3znc7yMR8Du/OPrjEAlB1eYhz0mIlG1QAdao9O+uJO5hPhwhtj7ai1OR6jiYsSImNGp1n1uRxp+r/EA
e18f9b24-91fc-4d1e-aa96-a37e11f3c96a,T1,gdW3VCStgvLjopHl4FFxIO6vTQsGaZDEG/ui8wIH5y+iP9/di5MnM2hPRC8rgaL9iBvT+fBOBxRyv0eV8X0vhqOgS2iSJYLP
e18f9b24-91fc-4d1e-aa96-a37e11f3c96a,T2,27JYmHTIisXpWZxtqvUgVMdcRBqpoVhScjITXBaZQ1KBesjQGHoKWr6AZ3dSvKMrlv3tSHImOukM+HOtMFv/jssrrrvy6Zov
9dc7e33e-f4d9-4258-a858-6d3421020b79,T4,K15l6ipoTCvmbX1TjRBG5/+B4DIe/XpireW/lfNwmhXFS/Dei8Lrr0iq8dnM84eZ7gwFcX8ykjVq7wztyrGhAzUPlIWAqTaq
9dc7e33e-f4d9-4258-a858-6d3421020b79,T5,E4+VW6Zb241SwQ9T9PfXiolhRbF25cUEVXeity2STDuN7d9ze5cnnW5SbGFiiCXXgJnVuiSFSMcVvQssaOFahZS+U7QR3U13
9dc7e33e-f4d9-4258-a858-6d3421020b79,T3,YvKJyujLwTGV7BNcB7MANzdtE8p3ffeqJLE4gjIaareOykDKRDGDSLlFyfuyzNJzqMssKAJobxEB/eRWaqOyFiVN4rNy/ALS
9dc7e33e-f4d9-4258-a858-6d3421020b79,T1,pIasLttnZWFGDAmPnhU6RTzU2fVHQCWGtsr1SUqBs7uPGvvF0/U2+f/ZoFOBLua51WlwP+nycpV4XYbLCn3IwIh2uJgIu3Oj
9dc7e33e-f4d9-4258-a858-6d3421020b79,T2,hEv9bXzGIuMLaI1uaXLKG+k6TEm3jcH86SdaHCI1YPvwdhwM1dOlRRxnZ2BmSZCxoXOJWDkllQAdWS9GReaD4sBkQNeehr2n
7aa72122-d224-446d-8815-0b3cf9707627,T4,dsI03kUNY/qIjwjYhelzIuGObrkXWiuxMJ/xGGc+WTmYJhTsXjXSMDjukfSSYrIxMF7E0BufkVuSGaFE/8oD6PPJ5H+rrv13
7aa72122-d224-446d-8815-0b3cf9707627,T5,YHECO3oCh4sHMeH1sEQiQYlGH47hZ4LbfbhjTLtt1WZfaKVdznvAVQarXBn0yiyHLocxGTeqSm6DJZC8wYtVyFRVFhyCyd56
7aa72122-d224-446d-8815-0b3cf9707627,T3,IUNBaOeH8xSVnzxvwkDDEHfUzLun6cGjhz1HSvJIaRRTS64A1dX3FwkacuMf+1QeBrjehM3bHPcTptyCqgMRZGG7Y+3RLSjY
7aa72122-d224-446d-8815-0b3cf9707627,T1,5VRMkYSrlv559I6sThD5nqhydxJmn+4emh6C9rmvHLRmOEdpl1LPY25UnAI3A4+961+jNnMZc2x37fIMel1W6QV6bGpgLOaO
7aa72122-d224-446d-8815-0b3cf9707627,T2,OQRJ7SjOK1LKfvd/Gh0I8lPY5WQTgat8hZQ4Wv4Dn25fkXnVPFyjpJAcrPeqRB48W2skj7lnwr93qQatx19VYtaRlZmdS6kw
630d7a7c-999c-4cbb-b324-dd131f893a42,T4,9/kEIMerVLS9Vfy+yDm5MSPZb/hIA0ilGSfFNjDE+9mhmtrNIXkdEMfc4WfoUvpo/qFc60LMmkaxPPgDqCgsye5PA4/eP6Lf
630d7a7c-999c-4cbb-b324-dd131f893a42,T5,Ykt/gwItkN3YtQvewKDmodL6+AnQdviSGWj0PTsYyoWnliOONxa4DV9v8mD/vgT7njp/J5FFadlmnvKYQioz4whXjR+iqzAj
630d7a7c-999c-4cbb-b324-dd131f893a42,T3,lCMJex4+gVEgDGHCaZGI8lzAXSBgidkDjMph0ECC1ZZyUsOzjMer4o4fVPwhbI2v3qtpjrh9U12NlT36kCmVzNzvH0i0la+Q
630d7a7c-999c-4cbb-b324-dd131f893a42,T1,whJoB2sLGQsmLm1Q+RsN7W4AAcJAxA5le+XHCefHMv6upT77+jBTiMWwstx6FqmFIL3NHhHV0z8Uy9q5857bsv+DZag/ATJN
630d7a7c-999c-4cbb-b324-dd131f893a42,T2,DGIArPSnwo8wci40B1QU65MadYp4naEy19p85GjWC5PUFjJbT6/YYK2VoKGh+Py6i75X6CXlwRJDcZY9E6yjQWvVltVxZxzR
8b157b72-3885-4f01-bf17-1c0a7eb6c981,T4,ecyOKuwsu3+9Lx426K+wCVVHqGpp0KgsBc/93fK6O2TRdvgciwJCKKK89lrGeIBWp5gxqYnTHJrb30zMMB8NRl2iMibP9SQ+
8b157b72-3885-4f01-bf17-1c0a7eb6c981,T5,ZP6LHfe2jDc89fmchAClowTcYINzUeGwd9WmDW+8ta/uaoSdBVqwHJMQ9QoEziKLQFnh0ML+3SFYK7OpVcIZf6Ewzypo+akl
8b157b72-3885-4f01-bf17-1c0a7eb6c981,T3,gbcvilnavkUUBLyX5zvpZ8vLyBVB1zReyExRUA+iUbqIgv1mcYtrKO6SLy+eGdGm4JFMM6rFEEqnkBUEjxMWUCYqKJL/7KY6
8b157b72-3885-4f01-bf17-1c0a7eb6c981,T1,T4bZulj103rRrb3/kf/yYR9aTDX6V34Gv8eUvsNfyTAadfH2M/cETz/rcjV2In6A15rw98jjcnqljI20J+8Bc3OLjEBly3kO
8b157b72-3885-4f01-bf17-1c0a7eb6c981,T2,P2mAUmy1ulfnAVdgm93I9He//4eSaiQ2QzB2ZrmJv7TrJuA/tUWWTDpsURyTokEZiXLMsQVBOJfnM+sriKvOjYQntFrYA6wP
e0a6f348-c46a-4b99-bfcb-97a91a754c1b,T4,c31J8j8m+xEHcvOW1rO4MjM9gEUD6PPkkrTb67ViqMWPqVPtuPpN6Q1Z2Ial0i2Cq77SQzMfhnFusoYEHKigGlgPaoAQZ/Uz
e0a6f348-c46a-4b99-bfcb-97a91a754c1b,T5,/onjwX0VWeicGzVSGcqgxcdDLNnk1NohYtk1cgZFy4RW29pUhkKa08dF8saMwClkJGImz96pSiXBm8x8fKFCDy7b/S1vKJwz
e0a6f348-c46a-4b99-bfcb-97a91a754c1b,T3,Xr32Qmb3te3KNhAKDs7TRO73ZcHDDwxCdE8ks9imWvy2WVgwvK87e3SLMt4/u1pCAnJV59SouNHWCruIvgrXmwOL4c0Y3ZoE
e0a6f348-c46a-4b99-bfcb-97a91a754c1b,T1,M++2xKwH1AWoRk7lxRd3Ch7CX8wa8R4la0KnemCcLxCmdSOoYISSvYzsTXzoXAQFXy5rLFIjCsimybSdctFHTi4sZZ7DLKgF
e0a6f348-c46a-4b99-bfcb-97a91a754c1b,T2,iiheGPZ04AHIeG9EWpvvI6ELrSKLnoVVAhP5fsycKxZ1qlxZoXXXKfEMohdTos0wvJp9NHne+k8D3d3VvkLtF7THPUV9C1v3
6c1eb5e7-0633-4631-9a61-1bed32cdfae3,T4,CV/UjJuoNk52oSwLdmWGCv5YNwrX3ryG3puIJ9g940JtdDj/C7oXOb5W4ozQbOebVIdHGAYfO+FJTomVIaqhwSRr9mF/xvD6
6c1eb5e7-0633-4631-9a61-1bed32cdfae3,T5,+c5YWOtJakdPWn0jDsOCMivYfLxOHocwHMfugHotwrrL1hCaVbjFOYCT9rf5O0FyOrxT9QqRmXeDvkWg9JVNb5FrSTspTo5f
6c1eb5e7-0633-4631-9a61-1bed32cdfae3,T3,T3m4I4nK9PQTEpUNGvdOiyk+iYC7bnrtLTN6nwjVDjPrd7S1+jSBkoDvJHuPPBcrcLo0L66KyBEh18E74KwXbfBYaJKamK6T
6c1eb5e7-0633-4631-9a61-1bed32cdfae3,T1,q4jhRpGRuwl+RAXx4/plnk2Ptxqut0FUvPMvNvLkCa4CPDZWAE5jhxItS9PIUUswtVaWNPdkbZcVkb3+0vrw57nuFkas30GF
6c1eb5e7-0633-4631-9a61-1bed32cdfae3,T2,3PvatCDwqtL8pnXkgug5XhYwmTllXveDoQ+isrx53aCS+aYAdcAEkIvDTzyG7R919woF5+my+qct9s1uSqVcSHiD61W5klzT
d88706df-6bde-4077-9d51-bb0b08479c03,T4,NSZmJGrF6mWCTfxapXY5B99wCbzTD3PS9Hs7Lb+edJKZqMT+SlGj86dO9NEGM93EioVXAQzhFgSSXB2qzjcqMQSosu7jrqEP
d88706df-6bde-4077-9d51-bb0b08479c03,T5,+dXpPWNQwsVNUfYpsSDRRaWL4Amdn5u+AnzuPPVJuQs8V56/ofh4DqYghxwGBGOwR8Rt69W89ZElvjIC5+2pHcbj6Y7l/S1Q
d88706df-6bde-4077-9d51-bb0b08479c03,T3,8VcXjgr2igx1I2VcK5OIrViVpykgga9qqZ9WLKh/PTNDqtNzEDMR/ePLySzghX9L5poTEqlRtxOMWZ4hLnWGL+VWDAO9Kmxq
d88706df-6bde-4077-9d51-bb0b08479c03,T1,iYt/FBOlWp0H8AtxzTvtPCwEXlGeNSqfN7XRMDCtR+tGALuHLZpeL1Lue09cTz1g0+5jU/SybUMYArWonTsRz0XmOXVMJLt9
d88706df-6bde-4077-9d51-bb0b08479c03,T2,y7jgA7xSNK4Uj8YxYakR1uOXX+InZ6zsuPa9wWCm99WoCbWYoB9UBPwy3KzbdOjkkM1uYQoJuLwiUth2zJW7weEsgrnidDeD
c16ea7da-4470-4b9e-acd2-478cb1b194b2,T4,7+5SHd79KVCigdzJf3R8igTPNPlMVLRrv09O+FEZe+yebHD2c9Vg7UsBbT2gYU+smjdk1pd4awxINEefwlDkc825axph/AwC
c16ea7da-4470-4b9e-acd2-478cb1b194b2,T5,MFJ8HDquYyGQQa6SlILnOmetvs1jXFqWkb24oZr9L5LiVK39P0YowglLSoaHEc9Pf69vb3ajrWWgxxfNjlSrIBI0MTmOUS2i
c16ea7da-4470-4b9e-acd2-478cb1b194b2,T3,+nQaivop/pWaszQ7T0yTMQcml2HTBiNXom0qM+rahAK5enxKAd0WWPD5/XMK+ziVXcm0jtr+7PciC89lQPpmA7mhYa/uUuGX
c16ea7da-4470-4b9e-acd2-478cb1b194b2,T1,RtxsXKiR7fm49HGA3dDXYC3Z90ZUVgWiVqQEFEI6qMbhwBcIE+hkPtoRq915qXWl26dOEkfLSrbRZHX+ewxnbeT5ohDOKRCT
c16ea7da-4470-4b9e-acd2-478cb1b194b2,T2,mgqhbg2lJUJBqGlOs0hjeD1AN2+XT/tZ4wFLYLKAPFBML1pfAVWHI6D6SBe0C1+3LL+IucJWZQTUXJxeyvsjTO19F4YM3K55
66945290-c0c7-4c0f-948f-bfe272ae230e,T4,v8hq0Li5glOLMLxOMB5eEkCdTy/T/uyjrrLRksnNYLeHLGAsw45C1kgx2ZO+hK+R/U2xgo6AZ+COQQLmS9YusBX94RxJV06O
66945290-c0c7-4c0f-948f-bfe272ae230e,T5,/tD7Az0J6pJq40m6uR65NA23MZ9xImpwX+DKadhews+d2hBstW8cGHd9+yVP7oBCZEEHuOCtYpQqIPwrn0rzxMvcBCKOHiMA
66945290-c0c7-4c0f-948f-bfe272ae230e,T3,1NyfkleQRx6RWITpZCOLS1SqajR9kQ/z87UyGvgiqU9aM3bxEk9y5bYR+hw5sJC6NDH8U3qMR+f23C81tFbHtCDuOjnG1iWN
66945290-c0c7-4c0f-948f-bfe272ae230e,T1,9x+uP8yWmz90gSe3wV2BcgqWCo14GQh47MBbym4bACSsqWVZsmG9PcfUgnUb+WgkQBkwbOyY1DMPlc8Z3Tz+nRXCNeScOZb+
66945290-c0c7-4c0f-948f-bfe272ae230e,T2,wHPaVs+lWGhmv/tqAyR1ZQy7Oau3K4EUynPNJTjXFwxnv+f7ijfoFflA/7EKemfI/SUgvLI047NneUfe4qWxnNjbL/Bw4KTW
324a7b89-6e3d-4150-a3c1-afac3d25c72e,T4,wxS0TcM8azIpCcDmVbZ3ZnuliUmCiiPN/YHlyFm6r0O+TxSGyOokFCeFeyxIvjh8eTcY16thPK4FXB7zusicyJRJXunHVCqR
324a7b89-6e3d-4150-a3c1-afac3d25c72e,T5,Ns2WaepddoFW/zw9XfnAw/swDnMJTgpS9UvlqaALcXzZRVeggmI9Bdr2T+U8jD30MNzU0DVEvVmXDE89fEtMnQnsB9G/G0LJ
324a7b89-6e3d-4150-a3c1-afac3d25c72e,T3,RZpj4+62CPnn8sirHl3dI2jUjN0eH5ChjtKT5MLcZBBnpzAf/PGz7QJu2GvhDM09T93hIfCJ86hKWuxkTJ8kWT4JT24Ks/e2
324a7b89-6e3d-4150-a3c1-afac3d25c72e,T1,RItwoKD8vVMnUrhOusQjBm6isA5QHGiWTnKF+Dt64XqB8zqeShs9c443eqFxrCVpUJmFX6hCISEgCnCxbcppXYIKgxG2gkIm
324a7b89-6e3d-4150-a3c1-afac3d25c72e,T2,m+E47GQ6dNHIEstFyik8KFyuw3Gwtq09SeFoG3tmYMGxccaWKEKl7vIbzyhNYIInUWNbqYhlBq1Q0cgVKy3YUNHeAZ9zPCWl
da73071b-fc77-4f8b-aa6b-a7f3e6f969df,T4,gz+ViPiqL9D/BfHnSFZU+A/QRsqUXREQzYwhvsKW7HMJR76ipqo2DavLJXJGY43PmjbXUd7GbCImKr2YhK0X16WdvfpzJIol
da73071b-fc77-4f8b-aa6b-a7f3e6f969df,T5,YE22K77Bed6JCON3Qxxhuq6w5rjl6CkxZsk/bnBG1jxFci9qdlcYRkD+YELJ3I3VU+CFIlICyf5G4N7KhS3Su5g9P51BsWGf
da73071b-fc77-4f8b-aa6b-a7f3e6f969df,T3,Ansfng05IyM6FjOJ3hryRK6+zwU2MKiDEBjTXqaoENBlscC11MCa77bCwdyACc3AwGUBmOm3OVEk1pCnNnbe/Kv6wYE4EIUv
da73071b-fc77-4f8b-aa6b-a7f3e6f969df,T1,Rc6x9DAy0zaglGUzmRPgKSuARFuCMPiFI3dSh2fa0Sn2+Tbx4O05WzV4L8y+VABKCwQ26dSq5+Cqvar8Drn3oR2XDLfjJXYn
da73071b-fc77-4f8b-aa6b-a7f3e6f969df,T2,iVhphrX5yZ/e5hxYrddKh83+Ky54q2RCKpmwGCT3FjndFOEMOqVqS7RP7sH2WIak9h4ywuO5AFyb5JmTg7zj+KXNqiNJWTD5
0979f08d-57ea-449d-881d-fe5164036f01,T4,GOtYeS/viw2aptBSCxbSELVkD1exyqJGPm+4I71d8ZONvA+yoxeSEjM8+7ZiQrqSlmgbXoUqXzb0gXxiDhp34LwffWv6nlet
0979f08d-57ea-449d-881d-fe5164036f01,T5,Bu+QngK5YmHxe8iKESlp+NpdxA0bKKoA583tFROhQg7wKre+BXSD25ODKhqab2Qg64CCCAzVR2zBSiin33pGOf+X9Q8CgJfi
0979f08d-57ea-449d-881d-fe5164036f01,T3,ugqzu+TFTPObV8OdNvIORKkuF5zMhdb50UcPDqtD8AFWI28/Ak+K5PlQIXr1VOnY46rw2a4EmdN36XZqQRuVBEC+D2GtMIVH
0979f08d-57ea-449d-881d-fe5164036f01,T1,mbZBAN609zmFUzVhFKwuFGez/0Vt34Mm7sjbfmJt+9ijHZDVppn9638sxqvCfj5vvToUtln4zQaQf4Tp4GumI46ryFl27Ote
0979f08d-57ea-449d-881d-fe5164036f01,T2,pS1riyncCfW6YXftEk3UdFUXYiTyXsOV1yXA1eP4eOyFUVdyP+GIO6xKju2qWXetzrHN1OwtR2Mih/xYpECxOBqB7l2QQI2S
69f1b6ad-09c6-4252-b7f4-2034277e9d0b,T4,2NRVf+8b4hCGg1HcgLpXWpi7IUA+Lny8GH7LD4awEzuPEU+cikSepAyx6WTPyaDH83zIaomJx2uTBNscwXKC6A2leoFGIMeZ
69f1b6ad-09c6-4252-b7f4-2034277e9d0b,T5,HJxXXuYyiZLZpJ0CQLSDnexOz2/8d174piXdtxboOhcuvbfkKQZdiklYrvj8qF/4dKiEGAP/C9ZphMpZnkq3a4un/mh0yWst
69f1b6ad-09c6-4252-b7f4-2034277e9d0b,T3,HnHWa6nA7cWduzALXLFwpTI93/A+dDe5wGeMCHrcUHaCzDK4cXBdSi1YiXzYiUEl/KgnIbWakv20DZBJdgcHqTY6C8R8QZcx
69f1b6ad-09c6-4252-b7f4-2034277e9d0b,T1,LGzL46oJvHaI0gyYLHonOxd6tUOaFLK6+iocRQnyjKWzJGVi2Cwk1WA0OGVe+ML5ha5uPBRiIR1Ozy5tIbj41Bvo+CFciNus
69f1b6ad-09c6-4252-b7f4-2034277e9d0b,T2,rs1+7Y31odvx20VNb2Jp3isn9s/d98L51V9Z1k9eDHxIA/GXBhtOD9bYYKZK9ES/1CEsxYMjKjKD181JBGo83A13IFxCJBY0
f2b31803-50d1-448e-af51-b2b6390df56f,T4,KvqKCVw6uWfDS5lMW1wz6OTcExi3hP7lQYAwoThnQZBpN9lzGIPa9pRT6JPII2/Q6LX3dHk0EJPAd1jWh01L7cjwBHaPT+I/
f2b31803-50d1-448e-af51-b2b6390df56f,T5,pR+GEh+UqCQ557PWZzK1KDuWq/L5TaMSFWZE6rUD88w/XhMLyPp/ACRs00rExnOXXbS3gTRhLCgye5tgYvY/KadCNIBMx2tc
f2b31803-50d1-448e-af51-b2b6390df56f,T3,ORXUYMkZapJ5ZS2o2WyrqrEHfIqAmbAajHmkNyh7mpew5WwhwjF4HVFsTniOe4aMXMG7l8M+TVibG0cLVwtoItdHdC1Dx1+u
f2b31803-50d1-448e-af51-b2b6390df56f,T1,5BCSHI/ShdsHmpCwedbsQVYGgu/YjpaFH7hTYTz9shXNifRgmEzVb6zQ1jadpyyxljYru/mgI3W6MWkNt98rUVO+fg1QoLDr
f2b31803-50d1-448e-af51-b2b6390df56f,T2,bkw2aPFjBVQhV5nzXuI44qDaFB9l+GwVANhP3LTdEQeKnRynTYrogHtYjBrzCyTBnhF/ObvBWf0UEFeUtYG77OlpNj0RPm1Z
f989543f-2083-47a5-b647-63e63c2463ab,T4,Ko6mJ6WomHfR27fOeeIDzk5r6P9VobKINKrKLS7aZhE2kPQfRPj+dGYD/KyIyiXLq1Sz639hEpyDIPVCHvf6GLqbWeJQpUOT
f989543f-2083-47a5-b647-63e63c2463ab,T5,qOnfcsZmwpLp3jhw3n8znBvnmI34BxET9w/cH+3nY4UKsvn9+Bq7DobuXE4hkcZ54oyodIM8tjIkrNbWVqU3JDpYppYmF/GD
f989543f-2083-47a5-b647-63e63c2463ab,T3,pj9L8GHm48B2/Z8yPMP/JUf9oAwHQGC5Zc35122nr6gh7TZQJCxgDgUkYxiICXTkNzylKBN3I6TEDDOTQ+pJ3tPt3wX1d98S
f989543f-2083-47a5-b647-63e63c2463ab,T1,LoM47C1ptOo8ScRIrMYFUsJ0vryoL9ny6bit9D09zpm2I4XOCK5qukCWZ0uQcmXBW6sfbrdBepz5kyYyLo4ymYaSh+7wkuL1
f989543f-2083-47a5-b647-63e63c2463ab,T2,8jqHCydWmTq7C8gDljGQgdPc202vFjt2NZSttnY47UR0mp9PGhicibgcOTodGnInCxN+6W5CBg9qgLnpvbGERDXb+AVii1tv
f241ebe5-107a-400c-ab0b-b2148af69393,T4,65D9sA0c8WKZk4ozJUb5DmfH6tJfKhOwo5LwAdFMJ5ZBCh+IRj0C/hY//TcY6B2c95D7WcHRQt22Yzi9uvi/O7KJXiVqjfm5
f241ebe5-107a-400c-ab0b-b2148af69393,T5,pL7dXB+bdvprr5IbPPBNFskVsZlZQRnOL0wNrlRpH9/LDtO7FmohlKRWa7bt+2LOJWvSlENzouEn3cV6E7VuVLGQGygbDCEZ
f241ebe5-107a-400c-ab0b-b2148af69393,T3,hxL9cqWEzuWNUA1nuLEHu5GHl5FjxaTnWqvAuI/Vx8h2uIlpNR+0GmKmmnGLEQ7efGM3oWne2qpuymd3t0oBePA88N3cpE3+
f241ebe5-107a-400c-ab0b-b2148af69393,T1,v2ACE6k1PulGVmnOw5o6MsKwcXqsKk24Zqobni4hUwLs+et05qY+wE1a8ZG11xa3Q49xltrYDMrLUjZZXPuHvzFs0vngvCPY
f241ebe5-107a-400c-ab0b-b2148af69393,T2,CYAfi6NbFtujWldOiAv7Dw0GnlQxFJ6ez5Q9wky9PDbdGd3KchLe4/LWFeXCixl875V3tvuue+WeajSSLhuCiq/1WRRwT7UP
9df12da7-4979-4f6c-b738-83646f5726e6,T4,gVB+peAMqqEG/HLymGw16+paVCpVu4JW1yOOlYp48cJJoJv8vNswmIikqs7NajfUFM56Gkg8m7ovSB94YJvK1tH/VNizhos4
9df12da7-4979-4f6c-b738-83646f5726e6,T5,CghFfm7RwpkgOWO4HODIoq85TPHqjzrxnnS68aUyhI94dDrkHCXgUiGRvLBXx4POY+8NdqccFiVWYhiFJTJTEeIAxd20BxbE
9df12da7-4979-4f6c-b738-83646f5726e6,T3,CoXoKF68809SNH0c1EeDpItW0qB858+n0llFv6bI//+A34Bb7KkrmCb0D+J1o7Adtg7/7P2xv5C80zZNRzqPRsgAAeATd4oi
9df12da7-4979-4f6c-b738-83646f5726e6,T1,Mx5bIEADh1Ss3uf6Zs+UHLJIanUgB+aknsNEZsJZmuzs8TRminHOS3gev96kyruvdlHuFGPpL1pnzRhsv85JIpImuKc0HDZL
9df12da7-4979-4f6c-b738-83646f5726e6,T2,kZv7t8d3m5TkvQIn3F9aGC4SSX/0Cv1Mp1Fh0TU5neIF8prPHwCLhv4h4sVZ0aVbzXQcv9cBkKVrT3uc4bQbiZgx+MF+ejWV
642b4e37-1e6d-4100-8f6e-d1cd4ddc2615,T4,rLFdpO759/dnsS1b6w8yHj35W50grcwInyzueaUBV7dQgS8+3WdHtrszU+FINKH7OxNjDuMsnzyX4r4Zvqc8/DBCONFRcdnU
642b4e37-1e6d-4100-8f6e-d1cd4ddc2615,T5,UgMhVbAiRUV6SlFI3ujlRIdxNLI52F3+WRfborZ9ut6/JaAMq+bjlp+BgA1RNsi6jTENF/URXlkbjXYoCYztlbPqxdcBBrxO
642b4e37-1e6d-4100-8f6e-d1cd4ddc2615,T3,US+cXP7RgT+ddq+YZH7XBMh3j0LBPCJn85OSiVH7Po025rEvzKlIAaQEtZrB9Kia9riLH8j1+f5GF+exVoogQHfO43RqIa7s
642b4e37-1e6d-4100-8f6e-d1cd4ddc2615,T1,UuOP6HNEZa1yzd2zCzYKyqAwVDL0URpxatQa6BTQ4/Z3wJSG5SU83v1lVTJty/xKLN4hHeQzkU+fvX3Dew0Jf9waN/5eTHQg
642b4e37-1e6d-4100-8f6e-d1cd4ddc2615,T2,KZ1++KAEoUltwKJ7Etxfkmp9nlUxCTW2fmhLPnxFd/gTniiGsWxVou7d0HxlFMwD2lN0uzcEsiIQ3VvrxBnY7i5ID+ANMuH7
01d71999-ced8-440c-95a2-64c2ea5eb5e3,T4,nPBf7+z5Qvr1v86j8alwhb5PX5W2pnvdC4OVUTn8USRO0W5jYqL7qDh3mWxw8SGO56UzdEI/cbplS2gEb9L/gFBh/q2C5l0/
01d71999-ced8-440c-95a2-64c2ea5eb5e3,T5,BCo3+YcAZRKolzXhSAZZOWfedXGTNQFktXCt+cXUvz/WwO2OsW+8GrIFwqE8b05jDyjKx/evp31tVh+eRfly/TJ0jZWwdpsa
01d71999-ced8-440c-95a2-64c2ea5eb5e3,T3,WimVf8GwIKMesqc6ng532huOn1i82YKBeE648r3O4qRcqUsD689/lYQGFBwpMwpFuDEiQAaDgDI918hDm5POmVaY4xi/rjwX
01d71999-ced8-440c-95a2-64c2ea5eb5e3,T1,kwNI0YmeE+Yi2n5j/rtqZ1kXGZEXFJSx6WmmEyvAS6AMklhbV03T0GX/R8U/Gi4g/cWEHgbzTbqLqHQDxZVLUQ/tYP/WzEl/
01d71999-ced8-440c-95a2-64c2ea5eb5e3,T2,xiZClcjsJ94m/Iiq6ehze8D1aapYNNhbZcUfeZiKAHL2Val6KQhxzkzBOz1Sm/EIesygLye3/I7xPJitFtlRA4VPuQmIuu6x
ad439f4a-6e08-4acd-8aa4-6cfa9c5d1b16,T4,xjFanKm2HR5Qx9WkkYZ9mzDrbMB8hAfaUEkl/qaVBuuGpMzVY5b0PxSroQ8jBDQhDO3mwIf1hmiB1GT2eCXZxnKQ2sGGaU8W
ad439f4a-6e08-4acd-8aa4-6cfa9c5d1b16,T5,6zGaRtzomF8OVJLhTDbPvOnTaHH4iHXXJf/WIwaHEY3vVot/lBqHu3XLko52HfpUGrL6FRQaTolFJWgKQPR3hXLZSCeXWJQ4
ad439f4a-6e08-4acd-8aa4-6cfa9c5d1b16,T3,CTbznS5r3yzq4r4l3p4gn644vWDN1U9H9/BTsywelQgu7Tu9xU0VhhvTcSu4Km8zy3NYe7azmHku2FJkzLXjlgHFNv0RLl8Q
ad439f4a-6e08-4acd-8aa4-6cfa9c5d1b16,T1,THXg0PQvwWJ2VH8/B/LBZc+W/Txx6rL3ripWWw7FwLU1mdZH6Cl2Myv9Nd9EmoiSbBTV/8RAnrs+DZ1B30iSn9dpgXgrBXhf
ad439f4a-6e08-4acd-8aa4-6cfa9c5d1b16,T2,RDccSoZIyX+zdCUhxyrO1K/qVXSmY23oM0k44edXiG9UIaKZTsqq25sMLD26CH6uoHplGfWCGhkYrk6XXF9BpTBKcBeJaUqs
9e6c7c56-8bfe-434f-b53a-811c996f96d5,T4,4hZbqLzUjYVwsDUgw41wCyjSuqGMBjnpF89FW0sqaEzMDZ75pGsstx55Lp8FjXqTIrD5CH89Um5xTlgHMIAH3/jsUS/IWUv6
9e6c7c56-8bfe-434f-b53a-811c996f96d5,T5,aulGTYn0PF2vEaXCK0qGayMnV8vNaSlMNvAnc99JLGidi5ppOMdOVva9f/Vo0Y/7c6X808uODr4XMOzoo30vjpxtqf/9WW4m
9e6c7c56-8bfe-434f-b53a-811c996f96d5,T3,UD0ahZ0yEWbReobqilrbjXw6QN+ao9wKPXdeRNZPCiM+vFnHWjl4/9eKxEKcwi1XAWoJzk0Gdhsln044wJhDlAujkqNpfRfS
9e6c7c56-8bfe-434f-b53a-811c996f96d5,T1,yQMzoUnmPAhOgp5EYpd+nx7ApM+z/+6Ma5bNr12e66OjuNaiuPh91WXt28tc0lPTCFkPTTuhVfXcnyHS5AtkwVBVjSgDf8Dk
9e6c7c56-8bfe-434f-b53a-811c996f96d5,T2,MaBhQh50B4p8CEAflKZ5iKv6DVnmsdpedOAYdWCuufjdetIIDdfeT2r8I/nQWcd9z7sT7Pcp59+YzEXmZpuqc/s8rVXqGQz8
9dce91d4-8d66-466e-b4cb-0e8ea64edd52,T4,kU9W55fo/XCNEPRc68TnIxTSWXEC1DRqjUzjWcZ4mZdwu2fybWwk4erHQD0QgtYSSEEOZMQW2APjMSOywCZzC7k1AR8M2sNn
9dce91d4-8d66-466e-b4cb-0e8ea64edd52,T5,sq5BsXwnbZgPSIN8od1urxqYNNrnMkbambQD6uM+G8OgM4DyQkVUcdlUdIBb1Ifw8rSX1vuZLvFd0jxZIsYMDY5d4pDfKdDe
9dce91d4-8d66-466e-b4cb-0e8ea64edd52,T3,80WKjeloKyG5JHcdKJkhqXtpJF/bAEdTDjdyym0OFSgP2OwNDdyweeP8Da/P8DajEZeHQ1CZCwjPaaOFjqvAk4JFMwUa8WD2
9dce91d4-8d66-466e-b4cb-0e8ea64edd52,T1,EMEFJN/cUAAfQfFTFgKlM9J5BEt2XksRWLP5elsdg3imvoriDERMO7g/S9Cu9VT+NwUuLIfOHto9ZOCQkGSu1rZTFCYwdFwn
9dce91d4-8d66-466e-b4cb-0e8ea64edd52,T2,fEmNgyWxB0VfK+OFbh3UbKWUdJhM1obgnUnEKAyPczlf5DKSdIQ5kxSq+KurJAg8Uf2QNpiLYdt0ZfwfWx5vxuz6UGExmC22
9547680e-1bba-47a6-9a40-39bce060a867,T4,TkEP9q+EgiP5R1eg7QEO50gWFXpm2xe6yUkpF7iDPorTsYVhF06VDzkMJWfvNQ14b57U7kiuw6rNzLpJ/1JfZL9D6YVyFwrC
9547680e-1bba-47a6-9a40-39bce060a867,T5,+cocifhlkMaHfIECTGsOJXuGeDyoHqDaMN/Qxe0i+dYYaNLz3gJcdZX6pzohwijwzBGS5Vxtd6LrNvHYWivsJokxuQs4BlpY
9547680e-1bba-47a6-9a40-39bce060a867,T3,R4VPrMVQRRLsDwwFlmMVyzGqBLYE4Q93EFINJQ7ttmoF4zcICBuheLXg2K1JN+/bi24ot/AROtOZ26AUrpsJSVbfyYvWiKzP
9547680e-1bba-47a6-9a40-39bce060a867,T1,esZmyGD4jHGgPpOScLUxkh5PE62V8jYps83tNkPH6tv94ySdC5C38QlHxePtixw+wCiRHeVZfLdmjxxW3Jq0aUSs0favdO1R
9547680e-1bba-47a6-9a40-39bce060a867,T2,XBnEmXVqXUIfHXmj+WGf7Mydc0J7Ikv2r4KU4VVdAqG1Is210uvOSLX6qTvxFYcHUgJt/7NMlf1J5Mc2ku1BM6b6yCCEPbwv
46a48564-5ed5-4452-b8f0-fff5ff0e54e6,T4,FXaxZsLdGVDaiC216Sb/YesKHRxulSG9VKUWZSxsUVnKZeuUqjnAhRg7XZ0u6JMRgCFgnBRO38hUTQhiAxMN/bNTI/NaXU2L
46a48564-5ed5-4452-b8f0-fff5ff0e54e6,T5,nRZol3YE+f1/JjzgOG+/h46t0ekSTgSmMWpJoNZVheMJlFXZ1A7s3npsMSqqOC2xmsfxlR6i1Tp/QHby7zAEIdhjHKtTFvcb
46a48564-5ed5-4452-b8f0-fff5ff0e54e6,T3,sD8fCOuxNnKtoNnYJckMUnAZSVETW3Ffarud6Y3vUD6EEVpDEsSzfCzyIP8dz73vq/dhtVwTM8bIeSCKp0mEpym0knlllMpU
46a48564-5ed5-4452-b8f0-fff5ff0e54e6,T1,cUcAnPD75znPRFU0kEYAbvQxAKla8hI6VPbRIoeet5mlRTZKyhP/9EWS5vq6VFJztzn2DiPSbq6vbxC0p8gSN9ItbGD6YwvT
46a48564-5ed5-4452-b8f0-fff5ff0e54e6,T2,doub2aCl+8e/vs6/IHIRG2v8xLv38MieyKr16bhonHWwqUuRAHqI2tZkqE+Dc1m7PWn2pyN4B36nF0FxQGSCNwzZXnCKHudv
f9290f73-f381-4cbf-8973-611707fa7a80,T4,SlsuRUv7lB+pX3RBDlEWDvyMTcIeJIZ3/RQ74ueJVSkjR+MSDpQNDNIPFIRWdTInkzkOBVOBmOUpxUyYfeMPxM9/uHMDT25Y
f9290f73-f381-4cbf-8973-611707fa7a80,T5,j7TVRpdb8yJGotNQxDWm93Ug+2G99LT2CQSEc4UAHeoaiZr66AARjhDO3+MCeRGwWHsWbTHqKH4xUreRntsPvtLVO5C5sSbW
f9290f73-f381-4cbf-8973-611707fa7a80,T3,4rlAmYmCnzBPONXPpvsfKtBvy80o3D937YZyylbUBYamQQz22unctfJddoLdxQ+SsrjskpDbnXmg7ul3pn7R2GsGmwOw3sJk
f9290f73-f381-4cbf-8973-611707fa7a80,T1,MJdAhjVZY/gZcyB+il+4AWvjbBw55dO9Si69yFMmCQRar+dAQCdPY3DIMByLUGvIgXAI+66fNE+UKFI3wtz6+x5RgfLMGqiC
f9290f73-f381-4cbf-8973-611707fa7a80,T2,0TLuvONpvBeRiLHImByy6i8PhXpUa1FXOsN6zxmsNjj4ruUQoY9LKbSpSM6y+uTW61lNUUrOnC/ukznS7klrkj1+ntfnod/W
48c33d22-49cf-417c-b324-fb1271a36df1,T4,x8jPQ6F8oZPDvzn/PLBAunSUM9z0oolvrcBJVTUnRyq/Iq954lOH/c6adNEiKKZAZUpPU9wkzV3BGiweRdgwDvbUq47owYSl
48c33d22-49cf-417c-b324-fb1271a36df1,T5,mK7S635DvSraZOilr3MXhOtPQCh8SK5I6rRInyDrYhW1BUgeBn6ByhGae24EGRFfjaUWRz0RrBwIE9Q96oEOwkX2jX3nI6D3
48c33d22-49cf-417c-b324-fb1271a36df1,T3,6TslNONhepDpvCt2iVDrVXvbCo0lLxXkSsIJ7QNT/DwOkTV03nXqe+gDu2w+E4XPF0CU7FP5hF47NidYFxidcGu0digm05vf
48c33d22-49cf-417c-b324-fb1271a36df1,T1,oY5Fh6bObrHeHKitdFGXfdmDPaY+i6RpS/0v7iemqfTsLy8Is0kiMCADwPq8RpFmnEZsWibPI8WFkTZRfLhJ6Va1adwb1eJl
48c33d22-49cf-417c-b324-fb1271a36df1,T2,0Lamin0cOKXEa4plaPXFMeEReNeNJCAfMVKEueQ/wMuhgzEvta5IyUX4GR0/Mk0WbmdAVEsKTH1bA1/8xolSUMEv76iK1rkq
1fbd7b16-befd-4d67-8e19-8ceee60abe26,T4,Ga+ueW8nFr+oYZxpya8uIIX51Q5GdxtiPSJZo7+i+0l3w0UA5QXg6ZDc1nras/XYmK7cXjOMNdH7w9VMJpVhFbp4uJ0wQhS9
1fbd7b16-befd-4d67-8e19-8ceee60abe26,T5,HkCDdZRunXaKt9bjRz9jIIY8rQHIjUg+rK8fxtLkEUWA/szagRNWwkrQHKbicPw8PuutWrsFTMrkxTxwY6C/R9h2P2Sx7cet
1fbd7b16-befd-4d67-8e19-8ceee60abe26,T3,i5XKFBTEtUvvG+BIkK8cIzHNnCvczPaESiuC4Ai42YwB2wrQT7IctLf3Gz1jIX+Mfv1yhklnITGpFc/QPk/HIVJKyscYAXoR
1fbd7b16-befd-4d67-8e19-8ceee60abe26,T1,J65DFtLsZPaAWCQ35sjv215QCtTOpH/Wa8SYvklawqsSZBq/zlXUZ+H/Fbv5Xg8B0I0jUKdQ9UKjoJCeOZgoI5VIWGyszxLW
1fbd7b16-befd-4d67-8e19-8ceee60abe26,T2,/YvBcVD1UCryjIosDRBGH9JlWbRHOzk44PnIzU8qtddytlivY48pVVg4BpUi667Tzem5yfn9vbbZlbPRx+DUbCeA3N6QfFsi
bb103fa4-0ab5-45f8-8d06-b34fd915938a,T4,cKPob18VRmgdm29einP4xMfAmnzVRkIFOuennO1X4tgfQ0zJZr0xqlDJOtKMgVDS4xKkDcaYeQ2B7E3gC2EFVjt0MdU+XE0m
bb103fa4-0ab5-45f8-8d06-b34fd915938a,T5,AZUtJ5DMZlX5jl1jPJPzKUEIt+joZ83ZJm23xehmztBf+BFyUlMld50rNSBWhxT4n3z+rrc+kFRryOHCizw4H3nramH9CLAx
bb103fa4-0ab5-45f8-8d06-b34fd915938a,T3,xzM4iTrTBmt/pkGpghFiXoRYMV++2qrNDGuoNV/6rfzaperEG/O1ICG4glOwHk+HQBUyPi1LhFg4qzO59shNq7aadQhRw/Xq
bb103fa4-0ab5-45f8-8d06-b34fd915938a,T1,FY0ZT3Pdf7nZjuwD8tRpXJIrXJQnAWpQI910JD7QmqEdZc1MlC7m9/HNo1Kk4zFDcceWUdOwutxgR3Fuf09XbCxrq7CCU+DU
bb103fa4-0ab5-45f8-8d06-b34fd915938a,T2,Q7N2jJQCgTU7q9aHX7piDk1I1N+xhskG/P9wVjwnYkxniVQ4YNFDbA5d+fyhS9DfyOypJnjoiZsK2K0WI6I/3toxIQdYpCTC
af1c61be-f718-4e5c-96d2-51416560f245,T4,TLO8W7H+EloKdiGab8bvPqWAfWy2v3docuPU52DNrCWI3wwytvQBMoxekEUbyedA2WDKawpD3m3u5844qYVvLG7V8x3c4/jQ
af1c61be-f718-4e5c-96d2-51416560f245,T5,VUTcOv5MemBbI1/DeD9mr6STpVjDmxIMASvwgsjz/c2YuGm7fAYp51cIjN9/ppiqcGUU3Zem0m86QDGdHrw7d2qJJLjQuOJH
af1c61be-f718-4e5c-96d2-51416560f245,T3,EVY1d6sUdChLiF3pPii5akC6KCKlVwCqL36ZL1Ig1JXDRodpdiaOuaASfpm64kA7v4pFWtXKWdjTraUpsKMHf29uFxhnySy1
af1c61be-f718-4e5c-96d2-51416560f245,T1,mzwMMxaBCz4R1kV7KEb3Na7C0nyuEXlAj5t7WobS5reXyCFfrFJ2iNjI6EZdiXzPBWHoy0kBdo78ISAssr6cdzsNhjPbzgRA
af1c61be-f718-4e5c-96d2-51416560f245,T2,CwjqhouMXA/DYcedJkAwGCH2Aeg0IQL4slQOVJhcvLDNpV3kawMaUvpT3nPktkseZF8mHW7iKrRhd8tAdmffaStuT3N6IX8A
3b4c1b75-af00-4110-bd33-415ae80af743,T4,FeA6RKaMC1f7H7iZ8RfayAGOD8VvKmXqPaHmh5Pgxu+bBTzrZ8IKnCJ0Qrd0Pab6kdPHnZuF90K8YGzIKtvTFhDzMycEotUi
3b4c1b75-af00-4110-bd33-415ae80af743,T5,hUMHCZ7Z1BzWO6sVWz/O5l1ZTHIS2lLkXh95GW9rdI9rzb1By2pWQ2IuW/skPt+eNqymZOwDPr8iQkUS7w+pPftnHFaRYq+v
3b4c1b75-af00-4110-bd33-415ae80af743,T3,3muwd7S7Iw/tM5wtrOAwUBkU5pxoa6BZOfXZbWyuuaKaIaza4a1P8G3ivISd06DrR0HTvEYQ90DkKHxLyV2GlTTvZNMGptJY
3b4c1b75-af00-4110-bd33-415ae80af743,T1,yAW10fpmHLfulZdaBh/+iKxguYIv7maywtcJsqDO8x2EoE+BqKUcUUd320401KS+g77ZHa+PG5lFPk9QOgbCwCcg2QvIwg6M
3b4c1b75-af00-4110-bd33-415ae80af743,T2,KSzgEB0cBUoGyz9A41N1NherxpNuaZxrwsabFdjQ74OfDRo13BWyG1w4ktN/tJ/uvFMp4OoGtBekRq7M7kZXswKALk/mxtWc
add14ba0-ee92-4648-9bd9-45c84c03f44e,T4,WKZ8Kd65U2ePByjuY9xfxVq5mRwRUnzmJoLkw3Uo+ZRIpXKfw56jLoDNFE52RT/n08SWUDgg+WuyTETupY2KB90uEXjZWI/L
add14ba0-ee92-4648-9bd9-45c84c03f44e,T5,UxdiJP1BYTd5b5UR+ZlkPA7YLGmcdSUwge/HLpsNfNEBXYJ4GpWnZnebneKulXf7CFhHZ+hbkQO/D4k//4murBm8l6hJekzz
add14ba0-ee92-4648-9bd9-45c84c03f44e,T3,TGFK7fLJ3zYdU5EGO7a+IvBN84A3gkYnpzrZcCdkF3tpcdAxDo8x78vZOvpsVdVEVcNiqi5IGKX3EgWhpj/tTrPDZH8aSkOp
add14ba0-ee92-4648-9bd9-45c84c03f44e,T1,ymCglpE4l1mrl2Dhwl1LT/Ulxs79D0YkSZ/z4z33Ac2zEq1W1NioxJLQ/AZ4kxY7OcgZKRWkqkpLmT38pHVwcGgM4ZxJKJoj
add14ba0-ee92-4648-9bd9-45c84c03f44e,T2,rXPlrspYAy/U0c6gndgEfcoYrAY3k8GdtKq0FKsE8IuV8DP4ALBndpST+2T3Z4Y+jgrHGmiYg/qAfyNrv+8jFBsMqCY6E9eZ
1c43d9f2-3378-4906-a16c-22552fd0fc82,T4,+EO+wJdpigP+huNBqqs3+rvzXL0ZvAtRTfsDDjs7u2QpTstUHmOL2ex1ha/93RIC9g1deB9YPGbONYMV2eMgUhpdpIh7eWfS
1c43d9f2-3378-4906-a16c-22552fd0fc82,T5,RL9SkIvGg5Jb6snNCXq/XIKYTt8CfvwavHhfGmwedlCgTZVz3jstOXAY0jnaMgbF1yM2CqpRAbq/xN7dIu5G0pTh7RnHh3O1
1c43d9f2-3378-4906-a16c-22552fd0fc82,T3,jhod8JdOjCd0hcd0Mqco79G4YDvdV1kohJFUaOTz0mbHAdqWQs4Y2ZosDyd2Ie8Y/6xHpKULx+PkR7aPS/yO1Tf1ICcFxvK5
1c43d9f2-3378-4906-a16c-22552fd0fc82,T1,vo6yeccH6rR2nxGANVuL+SSFX7Q50gkW+qPFLuqSk8vra25cfZEFbPvoAFonGNMzeNS6sPUtBxuLmWCvYgoSH88J+cQ8pJ1O
1c43d9f2-3378-4906-a16c-22552fd0fc82,T2,NhYfooYQX5TW2WeV0qN290pGWFP5mKO+u7O+IkFixD4dv+bofx07i6U3PZrAYPBDf/A/AM7nRA5WVNUoZnrzb8Shdzg07ozO
10074125-f0bd-4a30-8210-dfb2aeb96bff,T4,wCEpSBP1hxw4oBN42X+oXyluwdfgetF8zZJsbkel8qGvi59VQdBpZy2SP9cZKItETq86tkbc/3KQPS8cbAndumox0a0nlrgJ
10074125-f0bd-4a30-8210-dfb2aeb96bff,T5,nJWzauN0CNi05YHl8PDdaf8dy52VAakAo44S2CFvacgXfsfDOA6Tuy8rRCNLgqSSM5ItBdjdhe8mWmjHEfbwVANyQq73ap5i
10074125-f0bd-4a30-8210-dfb2aeb96bff,T3,aIbuppsWgxwAxkiWeURKHSeHP8sOBUcfPMFuxT0h3YSvUnbYHHqrNAYooogjVxj5g64Pesr8B8rbAqZK+xCFbzIWdQmULjgb
10074125-f0bd-4a30-8210-dfb2aeb96bff,T1,Q2iXmxMltSuz/xWku5YWjIJJYE5nKv1jZd+Vfi41FyrXTt66w1QAk8SzsKYwVjEQ5dmdmEbe+arlHkBo2Austz6ypwUO+Hn4
10074125-f0bd-4a30-8210-dfb2aeb96bff,T2,esebQex95hhYD2r5uiP13od6BqZ+hM3o7/H3cqAgxlC7qEgGxHYqvJMUq6yN59BEGUGlL7gpf6DUcDIbISCBnVvgooQHl5Bc
b9daf022-0729-49e0-b816-22b6b1548eea,T4,dCEf6eeFyaEjIdSFcRI+ItpRA6rEL22i7BfACBOxon+ksOHlZeWxpEYWQBLgaoM8YxXNxVfIVJ8aVDJy9aTLt0HgmGietP5S
b9daf022-0729-49e0-b816-22b6b1548eea,T5,rYa/0vjKZA3rbKS2NImYQo+9uADdlJBQdg+Yc8lGBNsFpNK9+a9ga8hNqS7FRO/bem+cCwHsn5Q85asFO3ZtTcbg0vXd1NFF
b9daf022-0729-49e0-b816-22b6b1548eea,T3,a6ObF59mSORUrWwKEwmbFEr8C+PBARtiHJCk50U4O1MgyEASeNrzcmXTgnzjtO/7V8d4iEMRpjciYl1bS3hdLPOoVbkhF6JA
b9daf022-0729-49e0-b816-22b6b1548eea,T1,jDbKN7wC4JAkqZSiByXe8bXrNrFU0JGnhwywxa7Mo8OSYaDSyzwDAnQhVX2+MBwVD/hCjI/HTR0pdeBWq5o4d7mZpF2BubRR
b9daf022-0729-49e0-b816-22b6b1548eea,T2,mvY8nZ6yrhtvyl3D3Cq/A/Wi5gWFIYCejJJg3ENTwful5vNa16m53OO+dDdRp2etTTVuL/lOeGJJsKXdgT18lO5tlG0IprhN
94660f75-ddd3-4162-a02c-dc0dcf27c8a3,T4,q2c/WdEXP6aIyJqWjll1GJO6Q2JVibrb0IAIB5+2nuA9FEqqiOmqDqnb621YRy3/f+QG4ryJTFLBrn5iMe8QTI+o99C+grNW
94660f75-ddd3-4162-a02c-dc0dcf27c8a3,T5,8xc075G4d8lmvWdLW1Lai3WZxehmI16+5y0kw7UkT0e+dSEmHUz/cVwdh8pNld5YwJw7hwaS2A/1Q8rS731yo/dIrngTGp7S
94660f75-ddd3-4162-a02c-dc0dcf27c8a3,T3,8H0natHvEl3fHFcn3Wwgy8rFQViF4MnxVkBzUiRp52COJ82ZjSYaHr2b/yi55BOa2/MCS1hm0y2NNgebEA6G5p7tAvha8LGY
94660f75-ddd3-4162-a02c-dc0dcf27c8a3,T1,NDVFSYxNmNszmJlUzUiJrMKGT4zjBcDsZr1D8533FOi/H2/GIRVwlDH+nFR6qaN2I/gMjQV3LnYWL2pkyXHcYBoo+ESrfinZ
94660f75-ddd3-4162-a02c-dc0dcf27c8a3,T2,0/bkOv/3SsIjG2bzyw8P6nQMjSKUHxIizXIpCKF0i2HS+aeiD+xWtJqBMBWAQhFEkmemRE1Z/UXtpN0lak1Y7SAhYpw0N1GJ
af73a6a8-36b8-4f42-b545-ebc29696a537,T4,Z8vaoKeR8Wo5Hz2QtRkEol9PcwU6utp1bDBS1/YeTA069NQnev9/qMF8HE6l+NQP1e0ByrTkcib8Lv26rlpC8Lrkz8O2yq/c
af73a6a8-36b8-4f42-b545-ebc29696a537,T5,AtyyiamNtxy9swbeOW4IyCAdQ9cLCO24OU64BREDHLcHC4X2aTj/W+SQYs41EPkJaUJoV/lBk9x2j7Xn5aZF3pYIDIpd9fUZ
af73a6a8-36b8-4f42-b545-ebc29696a537,T3,knbeQV9+vfZ3ig240fJ2pd1+Brzy3clhnA/n5vzHqVHjf6Ea4jmEGhXcGaYdJ+v5meCNAQz9QVvai8NTdK4vpSS5aUbsOk/E
af73a6a8-36b8-4f42-b545-ebc29696a537,T1,ynWCHORNUaTTcloHzKapm7skYuKGpDR1DitC/7eYzIuE0kjaImGORUcvzm93HJb1ve1cs3HwJPWIGtZgVxbSmqOODgahmnDo
af73a6a8-36b8-4f42-b545-ebc29696a537,T2,HtiRPzw3K5kAMghq4l4rJr+5fKa7EzEluWEyUWKyZBVqJSHWDxHoXkaOf9WF2dG1kXORv0j8NzRBy1fWVrezEzBP+nE1Db+e
500f982d-7022-4e37-8cdd-22c300b6a52c,T4,qmq5tRLW5o91vl0R9tYvqlH2oZeZgNloOerHUReYVN0ANF5Xr5h6QpK0lT37hdb7GtH1btm+Xq4Smpk64Q9jipFtH3F8gxDr
500f982d-7022-4e37-8cdd-22c300b6a52c,T5,f+n+smrrkr7EU8qf8eKY3jxaExZSeOcejSL+ZNHnPzfPtFBzS8C7o2xbFOK/ypdjIOC94xHxcs4zO17fCa/TDjf+7cOtcN1R
500f982d-7022-4e37-8cdd-22c300b6a52c,T3,wOk/nnxyOnSVu5KXKaD5xUxoDUhLuny3yAzY3D/1F+PwnRGwY50NbNguPpT2f19w89+sKbVZbe6dQWaumHXrcsi8yqplCIr3
500f982d-7022-4e37-8cdd-22c300b6a52c,T1,QuJoBJhh4kpGHerIsIe7j7V2rvw9EpsCi+8m/Ttc2hgnzbhcacuzOEzZGJOtgx0keE3pOBNS1dnXuQrEKskTDwdSQaC2RT8I
500f982d-7022-4e37-8cdd-22c300b6a52c,T2,mpKj/Jy4bKXm55bPcLBigwSG3w/qx3xbGNtPuUVgmoEg3sgbACw2/S85t9xdxPsXJbgJZmby9z1AhrAHGY1WIiIIqX6CbIsC
5821b286-b340-421a-92df-b5b33184a726,T4,zTEacds8Y0WHepy0V2sKsf/IXSnCrlK1cC0awSS1etVMvJK/+7m8d3t6sSTAKOBcHOlbJI8Rlmv+Dr1GCWapgHx6lsmyUwr+
5821b286-b340-421a-92df-b5b33184a726,T5,Zd/gIGPgIfIiU1prYf1YagtQ3vlLAQ/XXEFihTDr2bdXqMMQqm4AvU/xfnBCl9pdcuQ04k2wwQb6TfOUVOQVix+haUw0sPMo
5821b286-b340-421a-92df-b5b33184a726,T3,ZEcoF0DYedZ5rio0MKoYQAwF1R0j0zW6ABsXXvi2+NgekImwUxhc10QZAuifR/Pt2/eVHxtvqEYjb+BetXPw+sdPrPXfE5wV
5821b286-b340-421a-92df-b5b33184a726,T1,OWrImrjseS3mzV0X595vS/iX+dr5duMa2pAz2DpBNioM7Tu4LDWb2i8KsC6I66N3CzXwM76oNdXt5q5ZcIs3hlMJVm6kIeZY
5821b286-b340-421a-92df-b5b33184a726,T2,uv5Hi2CIqaZxiW6CScC+YGaOfR8FOUM6rZxAXoZRoiKP0a0n27PXJxs3Ucl/CdxJvTa7SahQBUMHfeNKm5BSQYMFfxIuZfg/
ae9874a9-c6d2-44f8-8311-d839e992da8b,T4,FPD9uHGPt7VCxxvBaDpjzcT8u2UhMcxfKGbLzhlJXSGaprx3roy1+/10AzvhefGP9LTncJcphlHOoXECe9uQFos2K3Mvb00W
ae9874a9-c6d2-44f8-8311-d839e992da8b,T5,NDnwRN0tdXpnaShvFbU/1ezf2AcN+5NMKxq2Hpw9mZcqKKtL31aBdeIBLO5fI2MrAdKIVLQLbGuiWl7Wy9h4Ed4xcrTuj1t2
ae9874a9-c6d2-44f8-8311-d839e992da8b,T3,KWCF/ePq4ImGP70TdQbiwW6Utou73atiOUBSd7eZ9oXwWB9BVyn7RjAJlWzNi+yC5yIFOqbgu6qXYrz5xNjeaqU47FU+vXv1
ae9874a9-c6d2-44f8-8311-d839e992da8b,T1,7XaPf7On+sC9IpKVZRtr6hB99P+4Nj04AmKWO0WXKEpdCUqneEvSCER83MzWp9x1PxTVcq4florjmgAv9rAnRk9plPN3zd4u
ae9874a9-c6d2-44f8-8311-d839e992da8b,T2,PtABdjvHnSCs8X/UUZzGkvXxePWBJBl4R27f0A+b3f4wQ/b0Ezqal7xfcaZwiczYzSS0JcQkyTSAF0VfCJ2wXopvnNTgpV41
d64b379b-41c2-456e-8d24-effc307ebc85,T4,8sM5IzfijZXlrTrBNAOXA4QocCrS2PEixD/MBiwRKLyRXHOvhy9KUQNnMZJGOjQLEpJ3Pz4/HWZskjk7mTZhLxKEbptH4M7n
d64b379b-41c2-456e-8d24-effc307ebc85,T5,sp47DoSViCkw+lOtDYxzJQ8+9Y/pkS7h1q+/JpUCdQvPuSkfGhJMFw/Qe9FfBvH8jOXYXz/yL2Oapw7kmqCHaY/F3RVgGlaY
d64b379b-41c2-456e-8d24-effc307ebc85,T3,Il9nh73wN8UFJyXJYf344tANNjad30d+xI2OKx20RYkAbf75dDpKBU66CsZ4Y8YlDHtITiRE8DgyduZscCr4HDJMN2Um/kRt
d64b379b-41c2-456e-8d24-effc307ebc85,T1,Mmb/YdpDiCDr9S/jOGHQFr/ikyBi1hSvTXpzI8WlPjyQ3Ch5exGgMwtDLhSCosR0MqPCC8drXH+no+k6AaYO/t2fimeGGphS
d64b379b-41c2-456e-8d24-effc307ebc85,T2,zVL4kjfIr6AqCy06Lw0CCPdDcmzI9uY85BdYudLEbk9fc9ZdUdN3mQP1zPKuxwZm/G3Nu2lMRDp8s22Qsw9bCgABmXWNrkzw
36c25e04-beb2-4565-947b-bd677b2871d9,T4,mUIUEKXDTkLlelWidC9m5MrIlTsZMh623Y6lHAd9y2KjNtkbUcbsQ0aq2fSdl8dH+k3gHJVl+Vk852shvgmnp34c7/+LOkrB
36c25e04-beb2-4565-947b-bd677b2871d9,T5,Mwgiq/+LJHd7z4tr+gy5aOI8dr96dHpCl+KN9imuS40IAdc/UB3+leB6P4h9RIZmWI8H4QhK9TamY1oAWIN0NLnmxaMJngBB
36c25e04-beb2-4565-947b-bd677b2871d9,T3,XT/iwr2xFUDY/aZW/yF8osG3V1XZowxw8/CCT08ZgxuVyAJ4njj72wSDlMfGAN50VfJBCJ8bxmn4JD/NxzO9qpmzVyrWyq2O
36c25e04-beb2-4565-947b-bd677b2871d9,T1,LNCO5txNETIRTDCEElfKozXiBMlQzUg/SN83JCS4OMKKUkpp5JkzD6beFGx3kjoaVBvC1kOzpDbCZ4qLJRkjsIrwOvLWLpFg
36c25e04-beb2-4565-947b-bd677b2871d9,T2,pKnCx8xayAii9lsq471Lq2nuEzWjZuHRmOR3Ud71JIrrgcQCTP50krAYagk9eR0HACeECyp74bfA0RG0dJWo8MQR2s8E1vFw
71e8b8b6-e37f-488b-849a-1e33b2a766e0,T4,lP7duTrcUY77xyWN8RpTG6tHgbooF+raOypX91V4rolyWticx2SxrXecsLzSq6pfaneYd/Hw4YPU0R/k9CWx3VP3B5TBSf/S
71e8b8b6-e37f-488b-849a-1e33b2a766e0,T5,DrG3bJLqwgouk8NXnJamYq0RVrQ0bJB3KzOXAfY0SA/NmiLH2FxSQrGm1fAzYKzqoisz3nUjvD/j+h096OR5dZOqTWWJT756
71e8b8b6-e37f-488b-849a-1e33b2a766e0,T3,cP9RkMQqlIqtgIPuVAbo9kcWQfr2xgMKd6ubqx9Y8fQnDeSa5O0eo5Lg+YDHKcqG4QkNieMYOdsab+rAq8+w8DBTu7X/mecl
71e8b8b6-e37f-488b-849a-1e33b2a766e0,T1,+p8ou62slly5sRFjSx0lAjsCHoL2J+NdTBamWQ/2/zUmiAr77kYVXSn7cUZEp5WGsvPQBgq6LZbAN3+2GrTKnCBSbFLiXYnh
71e8b8b6-e37f-488b-849a-1e33b2a766e0,T2,VSPROehCa4vk1P5NCRxEUEPa1U2lXi2SjsRhpJvq6qtibrO+mE8zL+6YUoFF4nvI2pr/hJ9le/uXZFKY4a/n6V9durizyGlp
66663f5a-089e-44a8-adba-2e7b45e9f0f7,T4,ykOQzqt2xIyGufO6JlKjQE5Ujccif7/qoOwMtc0IveAmBWoxsusI2ncS5pmEnCkaTZxpXrLmOtW8cbSGuiyWd/NrEJX+nSOd
66663f5a-089e-44a8-adba-2e7b45e9f0f7,T5,DsC/eOixxoa91T9lcDB2GTuruUsTDyva2y264RB6ULW1cZBhwzScPYPTJOZwnoX0cgd4lka5nO9mmnFpKzcGj4RNskupq4ty
66663f5a-089e-44a8-adba-2e7b45e9f0f7,T3,JlsiowYsWKVzEIE6+E4jh7Jqj7Hr2VJFonOWhJfCUCmFchqPKEiMG47/8vfeLNxUMcDsP+Xn++jG+3q3RhUTc+WyKi0rHGF7
66663f5a-089e-44a8-adba-2e7b45e9f0f7,T1,qjDqtJ+ev7ZFWjjnkmtAAAXi1YDkSw05K5XqUdkeVY4Bk6f+WGMF+qc/NwQ/eZR66MoOgdHwoU640pU/wypOcAZMATNQr4NN
66663f5a-089e-44a8-adba-2e7b45e9f0f7,T2,pD7H1JfaWZmxW3FsfBrgLRXfOPYSWJ5z7Zo9YFZVE4zV0ekNnGNsw/bX9FbgiAGQBErv7bUZgHkvYHLoagbxsLvzCgdQxYIU
00f08863-6499-407f-9cea-4ab53e219b32,T4,UT3NvxbnKP8vO2kYhOgF9WMN/ncShxyTXlntLHQSyqODTxzUP8FtDctvJyorBXEZiSON1c5HlsUDlflk/jhXWredvPITZslX
00f08863-6499-407f-9cea-4ab53e219b32,T5,EppUKHkBHiwv6gDusAjMFg+1ALvjkqpjo3SBc7NJFgNb+vfNcudoUAywl/UH8t9MEPj34Tglq8++EHcKRDQ4u2b7GU2tpQOg
00f08863-6499-407f-9cea-4ab53e219b32,T3,AxLZTAOpxoJcFnkGx63n6Z9TEpy7gagWPFtvTzrzzp6gsl5pRj3m3/Ccy6B9Jr1ZpTyIVt6rZ3rUzMrhWPRnS4Z2mLTHS7kr
00f08863-6499-407f-9cea-4ab53e219b32,T1,GSCKGKxrfxLzdMLCF8ZUFq1+mIfS/9IjAwb7keeozu6Q7+oIakDlDcipWo+lhT0tFM1b2gptNsxs65rrYu9mxmBPpZ3mWMdo
00f08863-6499-407f-9cea-4ab53e219b32,T2,vcRWWh7WW5ysXvgM4gHnWhBDvh6XrRMIYYlfNgz48SBz9OenK2hyu3NWfyrcx8Fwsh7VyESc9Hshobu4xBxxt2aVJZjrdzXj
47e0b7e4-1bd0-40f6-acdf-1b9081c002ea,T4,L+h+itJ9qay3MScZQMTrz6oAUZD/qaiX3Oy+RLOk9NilUJlPi/uemUw+ygDk6pxE4V9DGhp+65W0v5DlCEfnUNN6iUiWgi8F
47e0b7e4-1bd0-40f6-acdf-1b9081c002ea,T5,rJgRRlWVm75vHurVll4xPcFUz9aULfr+rrDF74qAhIXSp1CYmozb1ubZL9o7qe5HrViqmBPeIBrz1j1ln+xXC88Y8xMbSr2u
47e0b7e4-1bd0-40f6-acdf-1b9081c002ea,T3,uZod9N4a2jVMVwrAZVyCZp5drrIfa4hIZrn9pwoZTSMa92XyV+wAM/ceowvyrYZv/Da5NebR1cyW84o3rkzeDCzHk7OEIQ7n
47e0b7e4-1bd0-40f6-acdf-1b9081c002ea,T1,h+NLd8g6DcWN2tllgG4FfbHiL4NkpQFYpHntnJoP81VNJwGaYyTgSlZ9Jpeg/EkWzKv75UWtHeJxmTd+Tvop+E7P3SyopDAA
47e0b7e4-1bd0-40f6-acdf-1b9081c002ea,T2,jFPt4jymN2NO0qCAT0jy6bzmrIWNZ0pnCBgcoyFcNzwRILuQKhkT3F4hInuJb6yz3uxi1j1rI9nBHnEecXvcBkQh9OnwU5wn
e83cdaa5-7919-4d6f-8017-5062be6c1da8,T4,+g6utt9pN9l9nbwNW8VQhROGqQdMG5MCwi8bYvV7TVSjGhzQ41AE2CdFwDypbBV5Y3nK2bSb62t1X62T0bhsP+buSwVtoafq
e83cdaa5-7919-4d6f-8017-5062be6c1da8,T5,gz/2VQODzsmKdoIm7QHZ4khquRYyRA+7hVVFnHi8baeAA9nt6vNvhUKPLr7jDpi5cP98odY6/rb4Mwx7uMyWFytaLooRC3kh
e83cdaa5-7919-4d6f-8017-5062be6c1da8,T3,CNgQQ6RaGSKS78V1S5lUbbUtblVUsRHdqO+G3f0W/D431xq7uKi3dohpMvZfOxx8ErpeQZ2Val2ZIkDWY8ZpnGttO4b+BS3N
e83cdaa5-7919-4d6f-8017-5062be6c1da8,T1,LWSpsmO38zCK5QkdDV5qKY9cNjmnqgdrhjl3pBUfCWIp0CNIb58lVEBW3TuavnQ+LtzMKrRJ5QTRHf279HCxsWz7UB3NtqkX
e83cdaa5-7919-4d6f-8017-5062be6c1da8,T2,e0hidbolRTvN0FNlNmD8GBoYeLYZxnQAo2SYcbZo9l1QA8SCwIPijpNo6lz0snvBkt2ZoiZiouCBZplVhjurag347GmyXQaU
a223698f-d9eb-40a2-b53e-e34558dc137a,T4,6DizGP7ZHFjy6Kyzprdqx8/MITcGmqwzYZq468B5GfD1Vdy9xFuqG3/k9CkenYppGv3/iW+sAzH9bcOpR94AnZe14DiK+06J
a223698f-d9eb-40a2-b53e-e34558dc137a,T5,q7f37bs8EIOd5qVgc8GlF56vaZ36meZSckK12CgW45xvQnM8oZuS+NEzf8Arjp1DxDEA0JD8NfAq89sKNHtOFsPK1OLB4koR
a223698f-d9eb-40a2-b53e-e34558dc137a,T3,BMiqwr/v21Ip+wlHOA5rf9c9Quqn89SLb4h/bK/1DRS5zoSiXkH8ss9sepmsYT0TjQKN9xaPM2/0NPKmp2uXz0P47Ovv0yb5
a223698f-d9eb-40a2-b53e-e34558dc137a,T1,zGCVldFhhab+JPU0fZXr2yOCFDY9GYIybC+PotxU6ULXBBugbeN8wUAl4MDlxV9oJ+KNGRz53WDkLjYWZW3UnzGjpB9NLOxq
a223698f-d9eb-40a2-b53e-e34558dc137a,T2,Wsu8TBYfi8tgFPvKlh0cZLh3bZeWgk/4JNJjHphsxmpgv34C4xqyjLwUY8eLrCCQjyRiNLtLHjClvt5107UYl5lcEYw8Al1f
9a807164-d482-4787-a244-d44af5a9cb9f,T4,MwwGyGXp22MpQNB98o7V1+IR6E7kRCEUzX+DxSB7s8npc+lwnGker1mTkLOfKsdrVisFhWhmg1RQnoO7kOQsoniIOcyzvQF9
9a807164-d482-4787-a244-d44af5a9cb9f,T5,NoCAQOUPWJLcwQ59I5BfhmLqy/sIhJk/NlmR09uCtDsb9Pv/JCYNCqGcn1WFERZNiaTQlJhhp7B22gnxJqBvEz9EYnXchomz
9a807164-d482-4787-a244-d44af5a9cb9f,T3,U2Xhxu6oDoj8oZYzmudCoLXmPS0eauRlusRgVM2rMtwadajZNZ+JuAQ2oHsP7pO2JVKQJlVo0uM8w5uXxckFdxPRL+fIYmxo
9a807164-d482-4787-a244-d44af5a9cb9f,T1,4UBpP0xyYuqF5GvI9MO01tVzDRyxJbZ07+RnT8Ev+ldX9tKq4bD42v8VXUAPRY/Q53mudXZz8tK5V6oGDwFtNQqEzclzyLnj
9a807164-d482-4787-a244-d44af5a9cb9f,T2,NJT96EjleNOLb5lzw+Kmkg7Zm18ahYRe0lF0ow9D3zj5v9fd8dG+DZcAlvcGEkggop1vnuK4WSlCl2vfUR+Nj69+MjrKFsU6
eafaac1d-21d9-4041-a425-5c8bd8227e51,T4,qV9VDKZdGoqFA5rs4bd41yqM6w9rs3KZwB10D5j0ch9VsIOSJW8pOB0RWY1dtJOUMr77QCrOnHqwkzmVULTQ5SB6bTwZIaCQ
eafaac1d-21d9-4041-a425-5c8bd8227e51,T5,mFABYv/7DE98JkZElzyvMVEV1H/M+VZwF/d3Pgw5Y5XQVm0b0q5aP4rgwUx0RLQVJ045diaHAIxK9FoPBFD1qzZnDBFihQeW
eafaac1d-21d9-4041-a425-5c8bd8227e51,T3,a2SEwGrPMqYGGW+0BdMv06VT0uM8oKGVvaC95ByYo+kJabwPHsVYdtIIJWBogr8ZyMpI7Ssy6UPCuC4Jh2pGkb/PUjfyQ2kv
eafaac1d-21d9-4041-a425-5c8bd8227e51,T1,vJG6j9XmKHzlZZYbfDImiL2F7c/m6LVJ7+eFs9NftOquHHlMOYp0D4JzjCv9f3WCZQXV8yqiDTYeBe01zi9jOmr9ZTCHO7gX
eafaac1d-21d9-4041-a425-5c8bd8227e51,T2,2uBk4FNp8Io962JpY9ax4me0Wdijq07BZUPHxrHujLhiGMrl5iqtcKabPv1fLl/syJmpIbshbuDmo4ZOpEz6wD42np5P93yq
5d1324e6-8a5c-4288-a0c1-8e80843fc5ac,T4,YSomsODwBhIoEMg5Ipb/tqTpg7w343BMjbKoAF1UnWkoaV/D8ifmGPNVjLCwc/RURM63XrnJzz0ThMjXtRfodgu5guZo5fZK
5d1324e6-8a5c-4288-a0c1-8e80843fc5ac,T5,mn1UYzF+ZibCpVmlFxcDz1vWR0FTEVxgUZp1Rjze+AD7w9lDiU04qraxhtKtLTMfTA3RSEGKxgKBonveuUJoSXNsJMR0YR0e
5d1324e6-8a5c-4288-a0c1-8e80843fc5ac,T3,St+h7PyfEt9/XFRmLgAzpO6LfAvgw/O1Srcz4ClFRm5L6RLvnoe38v4vdCBxRUeH2Ms29zk490YSYfVQr/OtfUqEvfJFQ5v1
5d1324e6-8a5c-4288-a0c1-8e80843fc5ac,T1,wmMBqYtmwGTa4HUkBoxSewSGOsMZjOSoKDLa3cSRnct2VUtcZz0Z625lk41vVmDj7aNH1tMDWb1SxV2RH5lGeHsZiuf4JMrA
5d1324e6-8a5c-4288-a0c1-8e80843fc5ac,T2,E2Ij3M3Lgod6DYrPzMHvGH39OJiEAMnjk3kB6VLOayiqz5LXzCRdSMlau2RDuD1gTM6WqeT9wvcJn+RTbdXVRmUPnCqB7zQv
88f4ab3d-50d6-43e4-9c35-fbe0552afb41,T4,igsPgWT5seHto0+/6Jb9tS10TrKlxleumF/szTNyU2J0G05mVvZXFZXHZyBMwfd7gcETvqMwFFJMItrB5tKzF4liCTeN8tbo
88f4ab3d-50d6-43e4-9c35-fbe0552afb41,T5,n8WzXu6OU+dnVU0ziBftDGabLA4pVU0Clk8DrIkAiBxEWnUJbzCgWH7uyzk9rpPpGQyml8plo3FpGwiCLTAO+WVOjOmbXdYW
88f4ab3d-50d6-43e4-9c35-fbe0552afb41,T3,y6BbI5P9Q7PRwYWzBvWi6HFPYHxyqx6oliA/sKxXTSfhqu6iLBLNn0RgBLKYSc+qW71TFXOzfNso2wab7n01gXE9uDXuwSxc
88f4ab3d-50d6-43e4-9c35-fbe0552afb41,T1,EY6GnO5kOziD3OtAd21qEO0dK8cOzmwfgRwUV2PifQGX6lrkIbjnGPSzmLVuxU2VDqY96VkqvpLBOGjfmOa0+HaP9Zef0V0p
88f4ab3d-50d6-43e4-9c35-fbe0552afb41,T2,dDxOil+G7GJGIn6Os73fglXlX+IWakbPDWlxJmfHvb9P7PXv/5lv7J0yhu2THk4oWA3WTm5/GkHYS+tHOCYw91LlC28k2lD3
bc219a9a-b3a3-48f1-8435-7246a0a3cc86,T4,iaHenYIbv1sy4CBpsLxSraJvrMajQSd1Ft5LDMkJMoOF93h186Of2/OnpVRA9rLreJhIzNUDAxrW2WCZE5vQRefuQm1SN7N1
bc219a9a-b3a3-48f1-8435-7246a0a3cc86,T5,s2BOIPyXbxH0ncPQ13MSAue8IQ0R1uP7wyvt1C7zDrQTbJdABPDOKzt8pkqo67vlazJmmdod6E/D/GJK+TgqiJQ6J6qsV0ct
bc219a9a-b3a3-48f1-8435-7246a0a3cc86,T3,Y5e9pM07fGw5lb0qwLQCfo5N9RwDAPAJ2ID3eCB04qI4/U1QyvvGa6repxcQ70yupcqhCCIn2ii2yAgyy9/gR5H6MLN3H7p1
bc219a9a-b3a3-48f1-8435-7246a0a3cc86,T1,dPiAdPTlpUGIIbsUOilR5DiJpdI/BQLVa1AaoNMt5MlftL0npdiEmlF8zVd9Oj+HO7MhynaJ+NfeGYxKDV200gOPk2K+707T
bc219a9a-b3a3-48f1-8435-7246a0a3cc86,T2,AVZTYiDfufLUA82SDAW+oFDBrdpopY092JkQQ5pgzPBsT4dX+0xCwJJm0sXdeipdYyVBjG/N2mjQ0GgOha8Qyn1wZ8IIKp84
d5b70d0c-9b9e-47cf-9299-417d2623fd1d,T4,TVmci5jxXBGorZSJxY5aOfmhAN9/6I2jkW/14xud1lkD1hoAhK1l1Nhc8xY19ATuaPSG3rn7+f0mKpZPu0h9yPYm2VaD2CpX
d5b70d0c-9b9e-47cf-9299-417d2623fd1d,T5,jOzelCRk0WLZeovAQHWgnmwUOY/QrM88PrVyb77306VgbB/H69gG07t8XiLEO6+0fS3qCICv87FdyqQFpW911grnfdkS774p
d5b70d0c-9b9e-47cf-9299-417d2623fd1d,T3,oWQAmuuPdDLjEMh5oqm1H7BrrtR0yECHBtM+jdBFh8nGnzsCd2M+OLsxBF8EQCvrUNlBRMpWBLDJ51t2SYVZY0n/OAf9U0fa
d5b70d0c-9b9e-47cf-9299-417d2623fd1d,T1,8LE+tR36fTUjeXBa5AyDh92auIPmhihVZ6WPQSRjk1yQM6ivFETetbZdH+tyh6+JysIUl30I/3YqFmrshYiUkdup7UeTsAaV
d5b70d0c-9b9e-47cf-9299-417d2623fd1d,T2,gdIEP75q7uef0cuU8ELsglIOCR8x31ajQWxhp4Dd/OA/5f97Oyo9uBi67XhrlAE/tHUrCp6KOql7qE0QYQBdL4rSV7DCe5C2
af252d58-ada7-431b-ad12-65712c7201da,T4,TlykNXFX2F5rUp7E2rYdcK4YGOeoh0wICQ8PiW/wR3/jbPr6xYjIS3Y+ga1GGxBtPKPis27ZFqXrwyu8oKtX41dm2FWJHMt0
af252d58-ada7-431b-ad12-65712c7201da,T5,kx3raNj4P5RgCD+fm0rOtxWlHhbGcViXAtOaK+lDoto5UQMK8aPhP5ZPAf9Kqa9AdBc/8ny2vhmJb+uhws+IZaEfX3ezGmT/
af252d58-ada7-431b-ad12-65712c7201da,T3,WB3asSVyOLxRJF9H/Jn5tPxvOQmGlvYYpUIeJWoSPSA1cVGZN6dFxL8lMqG6Z+3WMC2WX1iH4xGNXA6vpogVhUijhHMQ8owM
af252d58-ada7-431b-ad12-65712c7201da,T1,tFx/oFOtqJXyTyaZnXYkyzjNV7QibLPAtJ3F+P4MjQNxCF8hjd7Ijkzm5jbrXBv4rEdB/wmWtZiPPaBncthz9kI6HmhZqdIF
af252d58-ada7-431b-ad12-65712c7201da,T2,cmeCyLnECF1cT79R1zAx8D4DmCT4cwrMYs2OB9KM6unnK4CSLBy1APbhD+d9GuiLLvreK9UM81AvaM3aFaPRI5QlovfWMmjr
7f60f887-35ef-4bff-a0a6-fdb8948d05ed,T4,+BwEnW34suuupNJQuij/xM5gBsBVVpZymA4RSugxOrzkg3AcVAvn4hXfGwQCkymYv89js7UbFV8athqHZl5mvUlHnjgE3Z1/
7f60f887-35ef-4bff-a0a6-fdb8948d05ed,T5,J/l9VjtKQTu7ipCV9Gg5/AEWBxSKo1cuxGiAiLzRISdnJ0bVYOJtSU9tcUyl6Kvq56yWhY728b66yHmVaorZqa/92TQfG+Kz
7f60f887-35ef-4bff-a0a6-fdb8948d05ed,T3,SLX23SuGs8FQ3+OISKCuVJIme2SqZAsdQE+iNzS/wOtkSbLy6lILdcKkv4u6LvyVtLab2CPVx9nz2kyEnrtzbfeg/6sD/HjX
7f60f887-35ef-4bff-a0a6-fdb8948d05ed,T1,zCYsR4k3PInkipH99CWOnmiDSnTbOIeZQAbtbwt5IiqsJL8ZkXxNCectp2yImlp5CJJ7YNhJrbC4OK5HNkc/N1LIveMU6iuS
7f60f887-35ef-4bff-a0a6-fdb8948d05ed,T2,Ido9qbkGCNIdue+6EMTrvZvIaEHBBz8GswjOmttF6Hz5vKe0h4UtUeOxyj+Mtsjcjmk8ofH1fhWpLUVBg53ChhC7MYAXYbD/
8a54f679-04ba-44e4-970b-596fb9ad4624,T4,Db/aKNd9Fe8kPVTo3w1+0cejtO33tzTYF39zmkRSjvdGUSO4SflpwPgiJB2oRAvxqNZ6i6G/kEivD0fjpw8ZAv7BKhBgt6UH
8a54f679-04ba-44e4-970b-596fb9ad4624,T5,hJUN7mDuKxUWt+lKYfnbQZl08DH5zVlais+fr6XOcERpxwpPNLtyP46Fk2wsJsqfVr53pVaCkzQvIFSyAWPjQfCVxd/IzqfG
8a54f679-04ba-44e4-970b-596fb9ad4624,T3,hDA9Hp2DNbIwEisRwGKCrfGxYjChf/LAoRvbcOVGB85dy4fO++SidyN2A/amMJ7ge2vvvs6FD1524TfEu0ldy9er5OcH9PvH
8a54f679-04ba-44e4-970b-596fb9ad4624,T1,d+zSeeFR8Nx22hZZJsAoxQOBR9bL823edOC11JNXH+z85isgv9Y5sZQtdOr+3z0Ut+qvndWfRVEmZGAv+xny3x0DZSrrdtxv
8a54f679-04ba-44e4-970b-596fb9ad4624,T2,Y1X70hdgVouUb3hlUWgyS+2nyI0gBLhIB0ZVNjfmJdVuzEabNgS7ZSGwomAAweTsCiI9Lquyh2LBek9qQt5zECVTkuvd3crz
