RecordId,FirstName,LastName,Sex,BirthDate,SocialSecurityNumber,PostalCode,MedicationType,PrescriptionType
b5ac8e01-326f-491a-9ca8-8cdff854fd54,Shuri,Mantison,Male,1982-02-06,216-88-4089,10682,Invisibility Serum,Emergency Use
4f051ca0-09e4-4a01-b355-38253574614b,Reed,Gray,Male,1983-02-15,597-71-2427,10440,Power Suppressant,Post-Battle Recovery
19cbf5d4-cef0-4ec7-8d80-30f7331b0953,Caroline,Barness,Male,1982-05-18,184-39-0232,10725,Mutation Stabilizer,Chronic Power Management
ddb04ce0-1773-4c1e-852b-e6b8bcfd7ac9,Ned,Bannerman,Female,1984-03-27,611-60-8670,10257,Flight Stabilizer,Daily Maintenance
61d72dbd-dc90-4032-8014-66554ed541f0,Maxwell,Octavio,Female,1989-04-21,530-58-1983,10253,Flight Stabilizer,Preventive Care
e24228bb-22ef-4eaa-976f-34e94881edbf,Bobby,Rhoden,Female,2006-12-13,835-63-1495,10481,Super Serum,Post-Battle Recovery
3912f1c9-9fe4-4eb2-b278-4554299c6f0b,Heimdall,Dillonson,Female,1965-08-12,631-73-4931,10415,Super Serum,Experimental Treatment
14faf4f1-49a1-46a4-a024-489d9df8d6f5,Bruce,Borson,Female,1956-08-24,591-81-0879,10155,Super Serum,Pre-Mission Prep
6a768436-77b6-4db2-9ddf-3e9ca216553e,Darcy,Carterman,Female,1955-08-03,212-54-6382,10926,Invisibility Serum,Chronic Power Management
7d8f16ba-3f83-42e7-9e00-7e5de119589d,Nicholas,Lewison,Female,2004-11-16,828-84-8667,10008,Flight Stabilizer,Chronic Power Management
b9035a5a-5689-49ef-af56-db9535d0a1df,Barb,Wingfield,Male,1967-03-09,222-95-7934,10283,Telepathy Blocker,Experimental Treatment
6e73d30e-9c3a-44ba-bcf7-2570348d722c,Frank,Tchallson,Female,1986-08-22,335-52-4845,10567,Invisibility Serum,Post-Battle Recovery
a4a4a52b-55d8-40b3-8353-9f7c67e12092,Otto,Bannerman,Male,1952-10-13,254-26-0334,10636,Invisibility Serum,Pre-Mission Prep
f88cba37-7bfa-46e2-8283-b695310c78af,Art,Draxon,Female,2004-02-29,271-06-7528,10549,Telepathy Blocker,Post-Battle Recovery
270d7f84-6282-4e42-bcb8-010ab0d097ed,Henry,Khans,Female,1954-07-04,571-32-1989,10467,Super Vitamin Complex,Pre-Mission Prep
d174be1b-34c2-450a-89a0-6c4d11a8cf49,Pietro,Howlet,Male,2000-05-12,552-34-9578,10438,Super Serum,Chronic Power Management
a143f53e-f20b-4d9c-808c-2cb2fcc444cf,Ororo,Masterson,Female,1999-06-30,724-55-9190,10009,Telepathy Blocker,Acute Power Surge
6af9eeb4-308f-4a77-b627-b0a79c9c7709,Clint,Rhoden,Male,2005-07-26,084-54-9563,10578,Flight Stabilizer,Chronic Power Management
80df2883-a10d-443e-b551-3c5d6a3b1a51,Mae,Princess,Female,2001-09-12,042-98-2871,10481,Power Suppressant,Chronic Power Management
6a6d0f10-b4c7-48ce-abcb-22cbe63a3411,Cletus,Wooman,Female,2007-07-04,349-15-4809,10445,Healing Accelerator,Experimental Treatment
8d06b375-db54-484f-abc6-f6e1eeca6d92,Erik,Allenby,Male,1950-03-29,419-58-9730,10481,Mutation Stabilizer,Experimental Treatment
c1be2830-c1f5-45f7-a483-f8a6f6d2eb27,Wyatt,Masterson,Male,1993-10-20,225-35-7141,10497,Flight Stabilizer,Experimental Treatment
6dbc466d-c062-4f40-8960-6ce9359d77d5,Harrison,Danver,Male,1974-09-04,251-29-2287,10754,Strength Enhancer,Acute Power Surge
69efad57-26e1-430a-af50-60b6e8f9bab5,Kamala,Heimdal,Female,1957-05-07,482-03-8838,10053,Flight Stabilizer,Preventive Care
a611e311-b73e-4916-b2f4-4258649ca5ef,Maxwell,Kurtson,Female,1989-09-15,628-93-8271,10436,Invisibility Serum,Acute Power Surge
56684d5b-ba14-4f2c-881d-0373e8fa8d27,Matthew,Wilkins,Female,1990-09-25,073-88-3825,10946,Energy Boost Formula,Post-Battle Recovery
2e9765ef-538d-4fae-909a-c674b20682cd,Curtis,Murdoch,Female,1957-02-27,877-30-1655,10389,Super Vitamin Complex,Preventive Care
a72901cb-15bc-49a2-bfef-3743ded5fc6b,Curtis,Valkyr,Female,1988-01-01,421-60-0888,10689,Energy Boost Formula,Preventive Care
c278c87d-a5cf-448a-94c1-161b2f66b878,Rocky,Dillonson,Female,1964-10-22,862-60-2092,10637,Power Suppressant,Acute Power Surge
5692ba82-54d5-4be6-8c7e-3c9bab4b39e5,Pete,Connor,Male,1985-09-30,337-36-1138,10990,Invisibility Serum,Preventive Care
632a0823-504f-4e8d-a21c-0a8803891e55,Alicia,Curryman,Male,2006-02-12,217-34-1331,10160,Telepathy Blocker,Pre-Mission Prep
9a435c32-6f56-495f-99f7-5055fb855bef,Howard,Thompson,Male,1990-11-10,425-81-9432,10199,Invisibility Serum,Daily Maintenance
d9bfebdf-a56f-4d32-a149-3fbdb261ba42,Edwin,Titanson,Female,1967-10-17,078-76-3979,10104,Mutation Stabilizer,Acute Power Surge
a7010614-024b-478b-ade7-52dc6a814e5b,Sif,Drakes,Female,1991-07-04,256-10-7261,10827,Super Serum,Experimental Treatment
bfcbe92c-d4bd-40fa-bdde-11fc3eeb5721,Steve,Khans,Male,1950-11-02,470-80-9225,10102,Super Serum,Experimental Treatment
99fd24e7-cc12-4196-a0d0-134fc1986694,Harrison,Langston,Male,1963-09-18,383-98-2647,10552,Power Suppressant,Pre-Mission Prep
290ba462-e25b-41eb-a3f1-bf06c7e1a150,Thane,Hillman,Female,1976-09-04,882-76-7026,10312,Telepathy Blocker,Pre-Mission Prep
5c5088b9-08f7-446e-b332-a9842aeb466e,Lucas,Borson,Male,1964-10-08,389-01-6397,10271,Super Serum,Experimental Treatment
af633158-1ae9-4357-a3ca-9fe78c7fea0e,Natalia,Maximof,Female,1979-05-15,217-59-5356,10345,Healing Accelerator,Acute Power Surge
0f90b0aa-f539-4c3a-ac06-48b54ae03ce3,Frigga,Parkman,Male,1979-10-21,803-53-4066,10273,Super Vitamin Complex,Preventive Care
ad7d1c40-052d-4f8c-bf7f-fecd5a735717,Otto,Jordon,Female,1997-11-15,390-41-7995,10893,Flight Stabilizer,Daily Maintenance
689f099c-60af-4827-8619-85d2e1d67309,Betty,Bannerman,Male,2006-08-16,702-37-3728,10764,Super Serum,Preventive Care
c70262cf-3c39-41bf-9acf-4f3fdc0f0492,Art,Vellani,Male,1989-10-21,171-89-4907,10925,Power Suppressant,Daily Maintenance
72760f82-71c1-48d3-bcd2-cab5e1de7849,Wong,Khans,Male,1976-04-27,368-48-7057,10149,Energy Boost Formula,Preventive Care
eaf621a4-f63f-4ab2-9e80-76d9c36cad0a,Pepper,Kasady,Male,1965-04-02,180-11-9986,10891,Telepathy Blocker,Post-Battle Recovery
42ab6dbb-13fc-4cb2-b503-c62f5c0a3d0f,Hope,Rhoden,Male,1970-10-31,473-82-4162,10470,Healing Accelerator,Daily Maintenance
f9d531e8-a537-486f-91b0-a1332d8214ea,Aamir,Carterman,Female,1999-01-14,162-10-7238,10967,Strength Enhancer,Chronic Power Management
4c0f00f2-a83a-469e-95b3-516352694f47,Harrison,Sifson,Female,1990-12-26,867-39-3264,10393,Invisibility Serum,Emergency Use
cd1cfcc2-c390-440b-b1bf-feb44f093bcb,Franklin,Titanson,Female,2001-07-27,303-90-4838,10022,Telepathy Blocker,Chronic Power Management
f4c4629e-0969-4f13-b532-f761bea9b808,Clarke,Potterson,Male,2004-05-27,765-64-4690,10794,Energy Boost Formula,Acute Power Surge
c273505e-7bc7-4551-a941-8bfd765a7f31,Daniel,Osborne,Male,2005-09-14,257-87-2241,10643,Super Serum,Daily Maintenance
8a22359b-3780-4359-9b48-ed8b95e181fa,Shuri,Khans,Female,1952-12-29,594-47-2154,10092,Healing Accelerator,Acute Power Surge
597f903c-a7af-4695-855c-816c90544b46,Wyatt,Heimdal,Male,1968-01-06,136-70-5995,10543,Flight Stabilizer,Chronic Power Management
212dd481-6761-48aa-afee-a1fa3dc31508,Kurt,Maximof,Female,1976-06-24,766-44-1887,10479,Super Serum,Pre-Mission Prep
cfd436a3-5fc3-4458-8b2d-b4575a689fcc,Kamala,Randall,Female,2000-01-01,375-12-6465,10014,Healing Accelerator,Emergency Use
95d49228-bb96-4dc3-b9ee-620febe46e89,Philip,Nebula,Female,2002-06-11,391-82-6087,10110,Energy Boost Formula,Experimental Treatment
2703c28f-50a3-4ae7-b4a7-d74db9ec130c,Pete,Brantley,Female,2004-09-25,227-83-1036,10650,Invisibility Serum,Chronic Power Management
da210a89-993a-4875-bea8-0b5af309b076,Otto,Frigga,Male,1962-07-17,047-05-4987,10504,Super Serum,Emergency Use
a45caf84-d7e6-4b64-88b1-a871d7d3c14e,Franklin,Wooman,Male,1984-11-13,465-48-8851,10429,Super Vitamin Complex,Pre-Mission Prep
4085cfe9-9c63-45a9-98e9-b9e606c27b03,Heimdall,Octavio,Male,1993-11-25,631-53-4584,10033,Strength Enhancer,Post-Battle Recovery
bc0b8daf-0433-48e7-9eeb-23cedcfddcb7,Nicholas,Furyson,Male,1982-07-16,102-88-6019,10557,Strength Enhancer,Daily Maintenance
843a726c-2610-4f28-9d40-254ac88164bb,Helia,Rhoden,Male,1960-12-16,870-59-1502,10678,Energy Boost Formula,Daily Maintenance
b2b88c8e-aeee-4481-8812-2c40def9a6f4,Natalia,Khans,Female,1971-11-08,129-73-3363,10070,Flight Stabilizer,Post-Battle Recovery
e18f9b24-91fc-4d1e-aa96-a37e11f3c96a,Mae,Cageman,Male,1979-06-24,794-19-9765,10002,Healing Accelerator,Pre-Mission Prep
9dc7e33e-f4d9-4258-a858-6d3421020b79,Wade,Lewison,Female,1965-08-27,113-85-0423,10134,Power Suppressant,Acute Power Surge
7aa72122-d224-446d-8815-0b3cf9707627,Yusuf,Khans,Male,2002-10-30,332-03-2855,10271,Power Suppressant,Pre-Mission Prep
630d7a7c-999c-4cbb-b324-dd131f893a42,Alicia,Heimdal,Male,1955-09-14,488-58-5932,10525,Super Vitamin Complex,Emergency Use
8b157b72-3885-4f01-bf17-1c0a7eb6c981,Marie,Langston,Male,2005-03-08,045-94-8544,10308,Invisibility Serum,Daily Maintenance
e0a6f348-c46a-4b99-bfcb-97a91a754c1b,Thorson,Pymson,Female,1988-03-30,704-14-8033,10729,Invisibility Serum,Emergency Use
6c1eb5e7-0633-4631-9a61-1bed32cdfae3,Harold,Wongson,Male,1955-11-23,130-36-9591,10561,Strength Enhancer,Preventive Care
d88706df-6bde-4077-9d51-bb0b08479c03,Ned,Kurtson,Female,1990-09-15,518-78-7049,10101,Super Serum,Post-Battle Recovery
c16ea7da-4470-4b9e-acd2-478cb1b194b2,Val,Hillman,Male,1987-02-15,348-59-6533,10425,Super Serum,Acute Power Surge
66945290-c0c7-4c0f-948f-bfe272ae230e,Sif,Strangeways,Female,1983-08-01,157-88-7771,10068,Super Serum,Emergency Use
324a7b89-6e3d-4150-a3c1-afac3d25c72e,Ollie,Valkyr,Male,1983-06-07,833-17-9116,10061,Super Vitamin Complex,Acute Power Surge
da73071b-fc77-4f8b-aa6b-a7f3e6f969df,Maxwell,Gordan,Female,1981-09-21,896-86-6930,10888,Power Suppressant,Chronic Power Management
0979f08d-57ea-449d-881d-fe5164036f01,Ned,Udako,Female,1959-04-18,592-65-3486,10158,Invisibility Serum,Post-Battle Recovery
69f1b6ad-09c6-4252-b7f4-2034277e9d0b,Victor,Gamoran,Female,1960-04-22,782-36-9407,10231,Telepathy Blocker,Daily Maintenance
f2b31803-50d1-448e-af51-b2b6390df56f,Mary,Connor,Female,1952-08-06,185-35-5063,10943,Strength Enhancer,Acute Power Surge
f989543f-2083-47a5-b647-63e63c2463ab,Bruce,Drakes,Male,2000-10-22,675-52-1141,10145,Power Suppressant,Emergency Use
f241ebe5-107a-400c-ab0b-b2148af69393,Wyatt,Kurtson,Male,1983-10-02,430-59-5586,10161,Strength Enhancer,Chronic Power Management
9df12da7-4979-4f6c-b738-83646f5726e6,Frank,Wongson,Male,1954-09-20,160-21-0816,10690,Super Serum,Chronic Power Management
642b4e37-1e6d-4100-8f6e-d1cd4ddc2615,Nicholas,Connor,Female,1993-07-28,622-57-6786,10279,Energy Boost Formula,Emergency Use
01d71999-ced8-440c-95a2-64c2ea5eb5e3,Gamora,Valkyr,Male,1975-05-31,696-87-9718,10498,Flight Stabilizer,Chronic Power Management
ad439f4a-6e08-4acd-8aa4-6cfa9c5d1b16,Steven,Randall,Female,2003-10-08,057-01-3350,10308,Energy Boost Formula,Pre-Mission Prep
9e6c7c56-8bfe-434f-b53a-811c996f96d5,Iman,Maximof,Female,1979-06-09,123-01-8150,10764,Telepathy Blocker,Pre-Mission Prep
9dce91d4-8d66-466e-b4cb-0e8ea64edd52,Wade,Titanson,Male,1994-11-18,573-86-5803,10073,Telepathy Blocker,Daily Maintenance
9547680e-1bba-47a6-9a40-39bce060a867,Val,Princess,Female,1956-12-26,884-41-9434,10439,Super Vitamin Complex,Preventive Care
46a48564-5ed5-4452-b8f0-fff5ff0e54e6,Jon,Osborne,Female,1975-12-22,118-52-0342,10989,Strength Enhancer,Pre-Mission Prep
f9290f73-f381-4cbf-8973-611707fa7a80,Aamir,Brantley,Female,1982-06-19,091-56-1735,10249,Telepathy Blocker,Preventive Care
48c33d22-49cf-417c-b324-fb1271a36df1,Kurt,Jordon,Female,1977-11-02,765-44-3631,10341,Mutation Stabilizer,Emergency Use
1fbd7b16-befd-4d67-8e19-8ceee60abe26,Luis,Osborne,Male,1997-08-08,523-25-5725,10359,Mutation Stabilizer,Post-Battle Recovery
bb103fa4-0ab5-45f8-8d06-b34fd915938a,Victor,Sumner,Female,1967-09-13,178-78-2505,10778,Super Serum,Pre-Mission Prep
af1c61be-f718-4e5c-96d2-51416560f245,Bruno,Stacey,Female,1991-08-16,774-73-9495,10459,Super Vitamin Complex,Acute Power Surge
3b4c1b75-af00-4110-bd33-415ae80af743,Gwen,Strangeways,Male,1989-06-15,070-61-7246,10646,Healing Accelerator,Chronic Power Management
add14ba0-ee92-4648-9bd9-45c84c03f44e,Mae,Odison,Female,1995-07-08,076-40-7566,10462,Power Suppressant,Daily Maintenance
1c43d9f2-3378-4906-a16c-22552fd0fc82,Nebby,Wilkins,Male,2007-11-02,886-12-9734,10519,Telepathy Blocker,Experimental Treatment
10074125-f0bd-4a30-8210-dfb2aeb96bff,Rhodey,Selvig,Male,1990-05-07,831-74-3085,10329,Super Vitamin Complex,Experimental Treatment
b9daf022-0729-49e0-b816-22b6b1548eea,Scotty,Gray,Male,1990-06-02,106-44-1382,10516,Mutation Stabilizer,Daily Maintenance
94660f75-ddd3-4162-a02c-dc0dcf27c8a3,Clint,Stormson,Female,1989-06-03,537-67-9992,10162,Strength Enhancer,Acute Power Surge
af73a6a8-36b8-4f42-b545-ebc29696a537,Samuel,Laufey,Female,1980-05-10,697-77-0858,10808,Strength Enhancer,Emergency Use
500f982d-7022-4e37-8cdd-22c300b6a52c,Groot,Curryman,Female,1975-06-29,259-93-9875,10894,Mutation Stabilizer,Acute Power Surge
5821b286-b340-421a-92df-b5b33184a726,Harold,Rhoden,Male,1981-05-20,318-84-6422,10132,Super Vitamin Complex,Emergency Use
ae9874a9-c6d2-44f8-8311-d839e992da8b,Shuri,Fosterman,Female,2007-09-24,812-43-2094,10686,Flight Stabilizer,Emergency Use
d64b379b-41c2-456e-8d24-effc307ebc85,Norman,Dillonson,Female,1995-08-15,371-03-5941,10316,Mutation Stabilizer,Post-Battle Recovery
36c25e04-beb2-4565-947b-bd677b2871d9,Rocky,Carrello,Female,1967-03-24,232-18-2539,10079,Healing Accelerator,Emergency Use
71e8b8b6-e37f-488b-849a-1e33b2a766e0,Scotty,Carrello,Male,1980-03-19,899-99-2148,10611,Telepathy Blocker,Pre-Mission Prep
66663f5a-089e-44a8-adba-2e7b45e9f0f7,Ororo,Drakes,Male,1989-04-07,045-53-5969,10692,Energy Boost Formula,Experimental Treatment
00f08863-6499-407f-9cea-4ab53e219b32,Flash,Wilkins,Female,1970-12-29,547-31-5071,10988,Invisibility Serum,Post-Battle Recovery
47e0b7e4-1bd0-40f6-acdf-1b9081c002ea,Nebby,Brockman,Female,1991-06-03,789-37-6257,10514,Flight Stabilizer,Preventive Care
e83cdaa5-7919-4d6f-8017-5062be6c1da8,Ororo,Rambo,Male,1972-06-06,054-83-7874,10895,Strength Enhancer,Emergency Use
a223698f-d9eb-40a2-b53e-e34558dc137a,Benjamin,Daveson,Male,1975-07-29,086-98-2627,10279,Invisibility Serum,Pre-Mission Prep
9a807164-d482-4787-a244-d44af5a9cb9f,Val,Queens,Male,1990-06-22,358-04-6798,10054,Telepathy Blocker,Acute Power Surge
eafaac1d-21d9-4041-a425-5c8bd8227e51,Franklin,Laufey,Male,1983-08-21,230-04-5222,10953,Super Serum,Acute Power Surge
5d1324e6-8a5c-4288-a0c1-8e80843fc5ac,Yusuf,Sumner,Male,1953-06-09,294-61-2274,10777,Invisibility Serum,Experimental Treatment
88f4ab3d-50d6-43e4-9c35-fbe0552afb41,Flash,Wain,Male,1951-09-15,263-28-2450,10561,Super Vitamin Complex,Preventive Care
bc219a9a-b3a3-48f1-8435-7246a0a3cc86,Kara,Bahadir,Female,1971-04-27,309-16-0783,10244,Telepathy Blocker,Experimental Treatment
d5b70d0c-9b9e-47cf-9299-417d2623fd1d,Bruce,Danver,Female,2003-07-15,549-03-8444,10588,Energy Boost Formula,Pre-Mission Prep
af252d58-ada7-431b-ad12-65712c7201da,Buck,Sifson,Male,2005-02-27,362-31-9350,10426,Mutation Stabilizer,Emergency Use
7f60f887-35ef-4bff-a0a6-fdb8948d05ed,Kurt,Mantison,Male,1997-03-12,558-65-8317,10567,Power Suppressant,Preventive Care
8a54f679-04ba-44e4-970b-596fb9ad4624,Howard,Rodgers,Female,1983-06-29,260-96-0267,10365,Super Serum,Acute Power Surge
